ID_powiatu,year,p3350-stopie≈Ñ-wykorzystania-miejsc-noclegowych
011212001000,2010,22.0
011212001000,2011,22.8
011212001000,2012,19.6
011212001000,2013,21.7
011212001000,2014,22.1
011212001000,2015,22.8
011212001000,2016,22.1
011212001000,2017,24.2
011212001000,2018,27.1
011212001000,2019,28.3
011212001000,2020,22.8
011212006000,2010,22.9
011212006000,2011,24.6
011212006000,2012,24.6
011212006000,2013,23.9
011212006000,2014,24.1
011212006000,2015,29.4
011212006000,2016,34.0
011212006000,2017,33.6
011212006000,2018,34.5
011212006000,2019,35.7
011212006000,2020,18.1
011212008000,2010,0.0
011212008000,2011,0.0
011212008000,2012,0.0
011212008000,2013,0.0
011212008000,2014,0.0
011212008000,2015,22.8
011212008000,2016,35.2
011212008000,2017,38.5
011212008000,2018,40.1
011212008000,2019,41.7
011212008000,2020,23.4
011212009000,2010,14.6
011212009000,2011,12.9
011212009000,2012,15.2
011212009000,2013,16.9
011212009000,2014,17.6
011212009000,2015,16.9
011212009000,2016,20.7
011212009000,2017,20.9
011212009000,2018,20.7
011212009000,2019,21.0
011212009000,2020,13.5
011212014000,2010,10.1
011212014000,2011,16.0
011212014000,2012,20.9
011212014000,2013,19.9
011212014000,2014,16.7
011212014000,2015,12.6
011212014000,2016,17.2
011212014000,2017,17.4
011212014000,2018,20.3
011212014000,2019,21.2
011212014000,2020,9.9
011212019000,2010,23.7
011212019000,2011,28.0
011212019000,2012,28.6
011212019000,2013,25.1
011212019000,2014,27.7
011212019000,2015,30.9
011212019000,2016,33.5
011212019000,2017,34.0
011212019000,2018,36.0
011212019000,2019,39.7
011212019000,2020,19.1
011212161000,2010,39.9
011212161000,2011,41.1
011212161000,2012,43.3
011212161000,2013,47.2
011212161000,2014,47.8
011212161000,2015,50.8
011212161000,2016,51.2
011212161000,2017,52.1
011212161000,2018,52.6
011212161000,2019,53.9
011212161000,2020,21.0
011212205000,2010,45.1
011212205000,2011,49.7
011212205000,2012,46.6
011212205000,2013,48.5
011212205000,2014,52.2
011212205000,2015,46.4
011212205000,2016,43.1
011212205000,2017,45.0
011212205000,2018,45.5
011212205000,2019,46.9
011212205000,2020,28.1
011212207000,2010,19.6
011212207000,2011,19.9
011212207000,2012,18.0
011212207000,2013,17.7
011212207000,2014,16.6
011212207000,2015,19.2
011212207000,2016,21.5
011212207000,2017,23.7
011212207000,2018,24.6
011212207000,2019,26.9
011212207000,2020,19.5
011212210000,2010,39.7
011212210000,2011,39.6
011212210000,2012,41.2
011212210000,2013,39.9
011212210000,2014,41.1
011212210000,2015,43.1
011212210000,2016,45.8
011212210000,2017,46.1
011212210000,2018,48.3
011212210000,2019,49.6
011212210000,2020,36.7
011212262000,2010,23.9
011212262000,2011,29.5
011212262000,2012,26.2
011212262000,2013,28.3
011212262000,2014,25.2
011212262000,2015,34.6
011212262000,2016,30.0
011212262000,2017,33.5
011212262000,2018,32.7
011212262000,2019,31.9
011212262000,2020,19.2
011212303000,2010,12.9
011212303000,2011,19.3
011212303000,2012,8.3
011212303000,2013,7.9
011212303000,2014,8.8
011212303000,2015,11.9
011212303000,2016,11.1
011212303000,2017,12.3
011212303000,2018,13.8
011212303000,2019,13.2
011212303000,2020,7.5
011212312000,2010,21.2
011212312000,2011,26.3
011212312000,2012,25.3
011212312000,2013,27.6
011212312000,2014,26.8
011212312000,2015,22.2
011212312000,2016,22.5
011212312000,2017,25.1
011212312000,2018,26.0
011212312000,2019,21.4
011212312000,2020,15.4
011212313000,2010,28.5
011212313000,2011,28.8
011212313000,2012,29.2
011212313000,2013,29.0
011212313000,2014,30.0
011212313000,2015,33.3
011212313000,2016,35.1
011212313000,2017,33.4
011212313000,2018,34.2
011212313000,2019,33.9
011212313000,2020,16.9
011212318000,2010,19.8
011212318000,2011,22.8
011212318000,2012,22.3
011212318000,2013,24.1
011212318000,2014,27.0
011212318000,2015,30.0
011212318000,2016,31.0
011212318000,2017,27.3
011212318000,2018,26.3
011212318000,2019,25.6
011212318000,2020,15.2
011212402000,2010,30.5
011212402000,2011,23.0
011212402000,2012,22.9
011212402000,2013,23.7
011212402000,2014,21.8
011212402000,2015,18.9
011212402000,2016,20.4
011212402000,2017,20.1
011212402000,2018,20.7
011212402000,2019,22.2
011212402000,2020,15.6
011212404000,2010,0.0
011212404000,2011,0.0
011212404000,2012,11.8
011212404000,2013,14.4
011212404000,2014,22.2
011212404000,2015,14.5
011212404000,2016,15.6
011212404000,2017,12.7
011212404000,2018,13.7
011212404000,2019,13.1
011212404000,2020,0.0
011212416000,2010,27.9
011212416000,2011,24.8
011212416000,2012,22.6
011212416000,2013,18.7
011212416000,2014,17.9
011212416000,2015,25.3
011212416000,2016,26.5
011212416000,2017,31.0
011212416000,2018,29.4
011212416000,2019,29.6
011212416000,2020,19.1
011212463000,2010,28.8
011212463000,2011,27.9
011212463000,2012,26.0
011212463000,2013,23.7
011212463000,2014,21.6
011212463000,2015,24.1
011212463000,2016,30.0
011212463000,2017,34.1
011212463000,2018,29.8
011212463000,2019,29.0
011212463000,2020,16.3
011216911000,2010,29.7
011216911000,2011,30.5
011216911000,2012,29.9
011216911000,2013,28.9
011216911000,2014,30.0
011216911000,2015,30.7
011216911000,2016,32.4
011216911000,2017,32.8
011216911000,2018,33.7
011216911000,2019,34.4
011216911000,2020,26.4
011216915000,2010,20.4
011216915000,2011,21.0
011216915000,2012,19.5
011216915000,2013,19.4
011216915000,2014,19.3
011216915000,2015,24.0
011216915000,2016,24.4
011216915000,2017,26.9
011216915000,2018,27.9
011216915000,2019,29.1
011216915000,2020,22.7
011216917000,2010,28.4
011216917000,2011,28.5
011216917000,2012,29.3
011216917000,2013,28.6
011216917000,2014,29.2
011216917000,2015,30.1
011216917000,2016,32.4
011216917000,2017,35.4
011216917000,2018,36.6
011216917000,2019,37.9
011216917000,2020,31.3
012414402000,2010,31.0
012414402000,2011,31.1
012414402000,2012,32.3
012414402000,2013,32.9
012414402000,2014,31.6
012414402000,2015,30.9
012414402000,2016,33.8
012414402000,2017,37.5
012414402000,2018,38.0
012414402000,2019,38.2
012414402000,2020,26.2
012414403000,2010,35.7
012414403000,2011,36.1
012414403000,2012,34.8
012414403000,2013,35.0
012414403000,2014,33.3
012414403000,2015,35.1
012414403000,2016,37.2
012414403000,2017,39.9
012414403000,2018,42.1
012414403000,2019,43.1
012414403000,2020,29.7
012414417000,2010,25.2
012414417000,2011,21.2
012414417000,2012,21.9
012414417000,2013,18.0
012414417000,2014,17.4
012414417000,2015,19.4
012414417000,2016,23.3
012414417000,2017,25.3
012414417000,2018,27.0
012414417000,2019,27.8
012414417000,2020,19.0
012414461000,2010,29.8
012414461000,2011,26.9
012414461000,2012,28.1
012414461000,2013,30.2
012414461000,2014,32.7
012414461000,2015,34.1
012414461000,2016,34.7
012414461000,2017,37.4
012414461000,2018,37.9
012414461000,2019,37.0
012414461000,2020,22.3
012414507000,2010,19.8
012414507000,2011,15.1
012414507000,2012,13.6
012414507000,2013,17.1
012414507000,2014,16.3
012414507000,2015,16.0
012414507000,2016,16.2
012414507000,2017,20.2
012414507000,2018,20.4
012414507000,2019,22.4
012414507000,2020,13.2
012414513000,2010,21.4
012414513000,2011,23.0
012414513000,2012,18.3
012414513000,2013,19.3
012414513000,2014,22.9
012414513000,2015,23.8
012414513000,2016,27.7
012414513000,2017,28.3
012414513000,2018,30.3
012414513000,2019,32.2
012414513000,2020,16.1
012414562000,2010,31.7
012414562000,2011,16.1
012414562000,2012,18.4
012414562000,2013,28.2
012414562000,2014,36.8
012414562000,2015,36.1
012414562000,2016,29.6
012414562000,2017,41.0
012414562000,2018,41.1
012414562000,2019,41.7
012414562000,2020,31.8
012414571000,2010,34.6
012414571000,2011,28.2
012414571000,2012,28.9
012414571000,2013,27.5
012414571000,2014,26.8
012414571000,2015,25.9
012414571000,2016,33.1
012414571000,2017,37.9
012414571000,2018,39.8
012414571000,2019,37.5
012414571000,2020,22.8
012414604000,2010,21.9
012414604000,2011,20.6
012414604000,2012,18.5
012414604000,2013,14.1
012414604000,2014,14.4
012414604000,2015,12.2
012414604000,2016,14.3
012414604000,2017,16.1
012414604000,2018,18.0
012414604000,2019,16.0
012414604000,2020,8.0
012414606000,2010,60.3
012414606000,2011,37.1
012414606000,2012,39.2
012414606000,2013,43.5
012414606000,2014,41.4
012414606000,2015,44.6
012414606000,2016,37.8
012414606000,2017,39.6
012414606000,2018,37.9
012414606000,2019,39.4
012414606000,2020,20.8
012414609000,2010,20.9
012414609000,2011,26.0
012414609000,2012,24.9
012414609000,2013,17.6
012414609000,2014,18.4
012414609000,2015,18.5
012414609000,2016,20.6
012414609000,2017,20.6
012414609000,2018,28.4
012414609000,2019,31.8
012414609000,2020,21.9
012414664000,2010,31.3
012414664000,2011,32.4
012414664000,2012,35.1
012414664000,2013,32.0
012414664000,2014,33.2
012414664000,2015,35.8
012414664000,2016,38.9
012414664000,2017,39.2
012414664000,2018,41.5
012414664000,2019,43.4
012414664000,2020,22.9
012414705000,2010,30.7
012414705000,2011,33.7
012414705000,2012,28.5
012414705000,2013,26.3
012414705000,2014,27.9
012414705000,2015,27.5
012414705000,2016,27.6
012414705000,2017,28.2
012414705000,2018,46.3
012414705000,2019,41.8
012414705000,2020,26.3
012414766000,2010,34.7
012414766000,2011,34.8
012414766000,2012,35.1
012414766000,2013,33.2
012414766000,2014,33.8
012414766000,2015,36.1
012414766000,2016,35.1
012414766000,2017,32.6
012414766000,2018,35.1
012414766000,2019,34.1
012414766000,2020,18.8
012414778000,2010,35.8
012414778000,2011,35.3
012414778000,2012,34.2
012414778000,2013,36.1
012414778000,2014,36.9
012414778000,2015,40.1
012414778000,2016,41.0
012414778000,2017,40.5
012414778000,2018,44.0
012414778000,2019,39.9
012414778000,2020,20.7
012414863000,2010,19.7
012414863000,2011,22.9
012414863000,2012,27.3
012414863000,2013,28.7
012414863000,2014,25.4
012414863000,2015,27.5
012414863000,2016,35.9
012414863000,2017,39.0
012414863000,2018,46.3
012414863000,2019,45.1
012414863000,2020,21.0
012414869000,2010,33.3
012414869000,2011,34.3
012414869000,2012,34.2
012414869000,2013,37.0
012414869000,2014,42.9
012414869000,2015,44.5
012414869000,2016,47.6
012414869000,2017,46.8
012414869000,2018,48.3
012414869000,2019,47.6
012414869000,2020,21.6
012414870000,2010,0.0
012414870000,2011,0.0
012414870000,2012,0.0
012414870000,2013,0.0
012414870000,2014,0.0
012414870000,2015,0.0
012414870000,2016,0.0
012414870000,2017,0.0
012414870000,2018,0.0
012414870000,2019,0.0
012414870000,2020,0.0
012414872000,2010,54.9
012414872000,2011,46.1
012414872000,2012,48.5
012414872000,2013,42.3
012414872000,2014,40.3
012414872000,2015,34.7
012414872000,2016,52.2
012414872000,2017,55.2
012414872000,2018,48.8
012414872000,2019,45.3
012414872000,2020,35.0
012414874000,2010,33.2
012414874000,2011,28.8
012414874000,2012,29.0
012414874000,2013,30.0
012414874000,2014,31.0
012414874000,2015,27.7
012414874000,2016,31.8
012414874000,2017,35.0
012414874000,2018,37.9
012414874000,2019,36.4
012414874000,2020,21.2
012414876000,2010,0.0
012414876000,2011,0.0
012414876000,2012,0.0
012414876000,2013,0.0
012414876000,2014,0.0
012414876000,2015,0.0
012414876000,2016,0.0
012414876000,2017,0.0
012414876000,2018,0.0
012414876000,2019,0.0
012414876000,2020,0.0
012414911000,2010,26.5
012414911000,2011,24.3
012414911000,2012,25.2
012414911000,2013,24.5
012414911000,2014,28.2
012414911000,2015,26.0
012414911000,2016,32.2
012414911000,2017,32.8
012414911000,2018,35.0
012414911000,2019,38.5
012414911000,2020,24.2
012414912000,2010,0.0
012414912000,2011,0.0
012414912000,2012,0.0
012414912000,2013,0.0
012414912000,2014,0.0
012414912000,2015,0.0
012414912000,2016,0.0
012414912000,2017,0.0
012414912000,2018,0.0
012414912000,2019,0.0
012414912000,2020,0.0
012414915000,2010,32.1
012414915000,2011,33.6
012414915000,2012,30.2
012414915000,2013,31.4
012414915000,2014,35.7
012414915000,2015,34.7
012414915000,2016,31.0
012414915000,2017,33.7
012414915000,2018,37.6
012414915000,2019,37.5
012414915000,2020,22.3
012414967000,2010,40.8
012414967000,2011,43.0
012414967000,2012,20.3
012414967000,2013,22.3
012414967000,2014,23.5
012414967000,2015,22.7
012414967000,2016,24.4
012414967000,2017,32.6
012414967000,2018,40.5
012414967000,2019,41.1
012414967000,2020,16.9
012414973000,2010,26.0
012414973000,2011,22.4
012414973000,2012,26.8
012414973000,2013,25.7
012414973000,2014,24.5
012414973000,2015,30.8
012414973000,2016,27.8
012414973000,2017,31.5
012414973000,2018,31.9
012414973000,2019,26.7
012414973000,2020,16.0
012414979000,2010,22.6
012414979000,2011,22.9
012414979000,2012,23.1
012414979000,2013,20.1
012414979000,2014,18.2
012414979000,2015,19.3
012414979000,2016,25.0
012414979000,2017,24.9
012414979000,2018,29.4
012414979000,2019,23.2
012414979000,2020,13.0
012415001000,2010,31.1
012415001000,2011,26.6
012415001000,2012,26.2
012415001000,2013,22.2
012415001000,2014,23.7
012415001000,2015,26.1
012415001000,2016,28.4
012415001000,2017,29.8
012415001000,2018,36.7
012415001000,2019,35.8
012415001000,2020,17.4
012415016000,2010,28.0
012415016000,2011,26.1
012415016000,2012,23.5
012415016000,2013,27.7
012415016000,2014,27.8
012415016000,2015,32.1
012415016000,2016,34.8
012415016000,2017,31.5
012415016000,2018,30.8
012415016000,2019,29.3
012415016000,2020,20.6
012415065000,2010,31.3
012415065000,2011,35.4
012415065000,2012,32.5
012415065000,2013,25.5
012415065000,2014,23.0
012415065000,2015,20.4
012415065000,2016,22.6
012415065000,2017,23.3
012415065000,2018,32.7
012415065000,2019,29.4
012415065000,2020,21.2
012415068000,2010,21.2
012415068000,2011,23.4
012415068000,2012,24.5
012415068000,2013,22.5
012415068000,2014,22.9
012415068000,2015,26.6
012415068000,2016,35.4
012415068000,2017,40.3
012415068000,2018,43.6
012415068000,2019,35.8
012415068000,2020,24.0
012415075000,2010,28.3
012415075000,2011,29.4
012415075000,2012,35.4
012415075000,2013,40.6
012415075000,2014,40.4
012415075000,2015,39.5
012415075000,2016,40.9
012415075000,2017,39.7
012415075000,2018,42.8
012415075000,2019,36.8
012415075000,2020,26.9
012415108000,2010,33.3
012415108000,2011,33.7
012415108000,2012,31.8
012415108000,2013,25.2
012415108000,2014,25.4
012415108000,2015,27.4
012415108000,2016,25.6
012415108000,2017,30.8
012415108000,2018,37.3
012415108000,2019,35.9
012415108000,2020,17.5
012415110000,2010,46.4
012415110000,2011,49.5
012415110000,2012,46.4
012415110000,2013,46.3
012415110000,2014,33.6
012415110000,2015,34.1
012415110000,2016,38.2
012415110000,2017,38.5
012415110000,2018,39.4
012415110000,2019,34.9
012415110000,2020,20.4
012415114000,2010,23.5
012415114000,2011,0.0
012415114000,2012,0.0
012415114000,2013,30.6
012415114000,2014,38.6
012415114000,2015,52.3
012415114000,2016,53.1
012415114000,2017,53.8
012415114000,2018,42.2
012415114000,2019,28.4
012415114000,2020,12.2
012415177000,2010,25.4
012415177000,2011,24.7
012415177000,2012,23.5
012415177000,2013,24.3
012415177000,2014,22.9
012415177000,2015,25.1
012415177000,2016,28.8
012415177000,2017,29.8
012415177000,2018,31.4
012415177000,2019,29.9
012415177000,2020,16.2
020811301000,2010,25.0
020811301000,2011,26.9
020811301000,2012,24.6
020811301000,2013,25.0
020811301000,2014,26.6
020811301000,2015,31.3
020811301000,2016,25.6
020811301000,2017,23.2
020811301000,2018,21.5
020811301000,2019,20.0
020811301000,2020,14.6
020811303000,2010,21.4
020811303000,2011,22.6
020811303000,2012,18.3
020811303000,2013,16.7
020811303000,2014,19.5
020811303000,2015,22.9
020811303000,2016,20.1
020811303000,2017,18.7
020811303000,2018,18.4
020811303000,2019,20.2
020811303000,2020,13.7
020811305000,2010,28.7
020811305000,2011,30.7
020811305000,2012,28.2
020811305000,2013,25.4
020811305000,2014,22.0
020811305000,2015,23.3
020811305000,2016,26.9
020811305000,2017,31.0
020811305000,2018,38.5
020811305000,2019,40.7
020811305000,2020,28.1
020811306000,2010,35.8
020811306000,2011,34.5
020811306000,2012,34.7
020811306000,2013,31.9
020811306000,2014,36.1
020811306000,2015,36.0
020811306000,2016,41.2
020811306000,2017,34.7
020811306000,2018,39.9
020811306000,2019,34.7
020811306000,2020,29.1
020811307000,2010,20.7
020811307000,2011,23.1
020811307000,2012,19.2
020811307000,2013,18.9
020811307000,2014,21.0
020811307000,2015,22.3
020811307000,2016,24.2
020811307000,2017,26.8
020811307000,2018,22.1
020811307000,2019,23.0
020811307000,2020,16.9
020811361000,2010,32.0
020811361000,2011,34.6
020811361000,2012,37.5
020811361000,2013,33.6
020811361000,2014,33.9
020811361000,2015,38.0
020811361000,2016,41.8
020811361000,2017,45.8
020811361000,2018,39.8
020811361000,2019,37.0
020811361000,2020,26.4
020811402000,2010,30.0
020811402000,2011,35.6
020811402000,2012,34.5
020811402000,2013,24.8
020811402000,2014,28.9
020811402000,2015,25.6
020811402000,2016,30.5
020811402000,2017,29.7
020811402000,2018,37.1
020811402000,2019,36.5
020811402000,2020,27.5
020811404000,2010,25.3
020811404000,2011,21.9
020811404000,2012,16.4
020811404000,2013,26.2
020811404000,2014,19.1
020811404000,2015,17.4
020811404000,2016,24.3
020811404000,2017,21.9
020811404000,2018,16.8
020811404000,2019,15.4
020811404000,2020,12.0
020811408000,2010,30.6
020811408000,2011,29.4
020811408000,2012,30.7
020811408000,2013,30.1
020811408000,2014,31.3
020811408000,2015,31.8
020811408000,2016,31.8
020811408000,2017,30.1
020811408000,2018,33.7
020811408000,2019,32.1
020811408000,2020,20.7
020811409000,2010,26.8
020811409000,2011,24.7
020811409000,2012,23.6
020811409000,2013,22.8
020811409000,2014,18.9
020811409000,2015,23.0
020811409000,2016,23.4
020811409000,2017,25.0
020811409000,2018,23.0
020811409000,2019,21.0
020811409000,2020,15.3
020811410000,2010,32.5
020811410000,2011,30.2
020811410000,2012,33.3
020811410000,2013,39.0
020811410000,2014,30.6
020811410000,2015,34.3
020811410000,2016,35.3
020811410000,2017,40.0
020811410000,2018,41.2
020811410000,2019,39.1
020811410000,2020,24.2
020811411000,2010,22.2
020811411000,2011,23.7
020811411000,2012,20.1
020811411000,2013,18.0
020811411000,2014,20.4
020811411000,2015,19.0
020811411000,2016,21.9
020811411000,2017,19.9
020811411000,2018,23.4
020811411000,2019,24.8
020811411000,2020,18.6
020811412000,2010,27.3
020811412000,2011,28.5
020811412000,2012,24.8
020811412000,2013,24.3
020811412000,2014,23.7
020811412000,2015,26.6
020811412000,2016,30.5
020811412000,2017,26.4
020811412000,2018,27.1
020811412000,2019,27.7
020811412000,2020,26.0
020811462000,2010,22.5
020811462000,2011,25.0
020811462000,2012,29.0
020811462000,2013,25.9
020811462000,2014,27.9
020811462000,2015,29.0
020811462000,2016,29.8
020811462000,2017,30.9
020811462000,2018,30.1
020811462000,2019,35.2
020811462000,2020,21.3
023015706000,2010,18.5
023015706000,2011,26.5
023015706000,2012,26.6
023015706000,2013,24.6
023015706000,2014,24.3
023015706000,2015,25.7
023015706000,2016,23.6
023015706000,2017,27.5
023015706000,2018,26.5
023015706000,2019,28.0
023015706000,2020,26.8
023015707000,2010,12.5
023015707000,2011,13.7
023015707000,2012,13.8
023015707000,2013,14.2
023015707000,2014,15.9
023015707000,2015,17.2
023015707000,2016,18.1
023015707000,2017,17.0
023015707000,2018,17.7
023015707000,2019,17.5
023015707000,2020,14.1
023015708000,2010,19.6
023015708000,2011,16.5
023015708000,2012,20.5
023015708000,2013,14.3
023015708000,2014,13.5
023015708000,2015,11.9
023015708000,2016,18.3
023015708000,2017,15.2
023015708000,2018,15.8
023015708000,2019,18.7
023015708000,2020,16.2
023015712000,2010,24.9
023015712000,2011,23.1
023015712000,2012,20.9
023015712000,2013,21.5
023015712000,2014,23.5
023015712000,2015,27.2
023015712000,2016,22.7
023015712000,2017,26.0
023015712000,2018,26.5
023015712000,2019,24.6
023015712000,2020,14.7
023015717000,2010,23.8
023015717000,2011,26.6
023015717000,2012,26.0
023015717000,2013,26.1
023015717000,2014,24.9
023015717000,2015,26.1
023015717000,2016,28.2
023015717000,2017,28.5
023015717000,2018,27.3
023015717000,2019,29.4
023015717000,2020,16.6
023015718000,2010,19.3
023015718000,2011,18.0
023015718000,2012,18.4
023015718000,2013,19.5
023015718000,2014,17.0
023015718000,2015,19.0
023015718000,2016,19.6
023015718000,2017,20.4
023015718000,2018,19.1
023015718000,2019,31.2
023015718000,2020,19.9
023015720000,2010,16.1
023015720000,2011,17.8
023015720000,2012,14.9
023015720000,2013,14.4
023015720000,2014,14.8
023015720000,2015,15.0
023015720000,2016,17.3
023015720000,2017,16.4
023015720000,2018,17.9
023015720000,2019,18.3
023015720000,2020,15.0
023015761000,2010,23.0
023015761000,2011,26.7
023015761000,2012,26.6
023015761000,2013,24.6
023015761000,2014,23.5
023015761000,2015,23.1
023015761000,2016,27.4
023015761000,2017,23.9
023015761000,2018,25.3
023015761000,2019,24.0
023015761000,2020,21.1
023015803000,2010,28.8
023015803000,2011,28.4
023015803000,2012,28.9
023015803000,2013,27.5
023015803000,2014,27.1
023015803000,2015,30.1
023015803000,2016,29.3
023015803000,2017,27.4
023015803000,2018,31.6
023015803000,2019,31.0
023015803000,2020,18.2
023015809000,2010,15.9
023015809000,2011,13.7
023015809000,2012,17.3
023015809000,2013,15.9
023015809000,2014,13.6
023015809000,2015,16.4
023015809000,2016,11.9
023015809000,2017,10.4
023015809000,2018,9.4
023015809000,2019,13.0
023015809000,2020,9.3
023015810000,2010,21.3
023015810000,2011,20.9
023015810000,2012,20.0
023015810000,2013,19.2
023015810000,2014,20.8
023015810000,2015,20.2
023015810000,2016,22.1
023015810000,2017,20.3
023015810000,2018,21.4
023015810000,2019,26.1
023015810000,2020,16.6
023015823000,2010,12.7
023015823000,2011,10.5
023015823000,2012,10.7
023015823000,2013,10.7
023015823000,2014,12.8
023015823000,2015,14.4
023015823000,2016,19.9
023015823000,2017,21.0
023015823000,2018,25.2
023015823000,2019,30.2
023015823000,2020,21.5
023015827000,2010,23.4
023015827000,2011,20.2
023015827000,2012,20.8
023015827000,2013,20.4
023015827000,2014,12.1
023015827000,2015,10.8
023015827000,2016,15.2
023015827000,2017,13.8
023015827000,2018,14.0
023015827000,2019,18.5
023015827000,2020,14.7
023015830000,2010,26.6
023015830000,2011,25.0
023015830000,2012,23.9
023015830000,2013,21.9
023015830000,2014,24.8
023015830000,2015,28.5
023015830000,2016,26.4
023015830000,2017,25.1
023015830000,2018,22.0
023015830000,2019,20.3
023015830000,2020,15.7
023015862000,2010,27.5
023015862000,2011,32.6
023015862000,2012,30.9
023015862000,2013,27.2
023015862000,2014,27.3
023015862000,2015,28.1
023015862000,2016,30.6
023015862000,2017,23.0
023015862000,2018,22.3
023015862000,2019,24.5
023015862000,2020,21.3
023015904000,2010,26.8
023015904000,2011,22.5
023015904000,2012,20.6
023015904000,2013,17.4
023015904000,2014,18.0
023015904000,2015,25.7
023015904000,2016,21.5
023015904000,2017,27.8
023015904000,2018,25.6
023015904000,2019,23.3
023015904000,2020,23.2
023015905000,2010,34.2
023015905000,2011,26.9
023015905000,2012,18.6
023015905000,2013,14.5
023015905000,2014,27.6
023015905000,2015,24.2
023015905000,2016,22.1
023015905000,2017,24.6
023015905000,2018,32.1
023015905000,2019,27.5
023015905000,2020,16.3
023015911000,2010,25.9
023015911000,2011,24.2
023015911000,2012,17.7
023015911000,2013,18.0
023015911000,2014,19.4
023015911000,2015,18.2
023015911000,2016,17.1
023015911000,2017,20.0
023015911000,2018,19.8
023015911000,2019,20.4
023015911000,2020,12.3
023015913000,2010,23.0
023015913000,2011,20.9
023015913000,2012,19.5
023015913000,2013,20.3
023015913000,2014,22.9
023015913000,2015,28.6
023015913000,2016,29.5
023015913000,2017,30.6
023015913000,2018,25.8
023015913000,2019,29.5
023015913000,2020,22.6
023015914000,2010,30.7
023015914000,2011,31.6
023015914000,2012,26.4
023015914000,2013,21.1
023015914000,2014,20.6
023015914000,2015,22.2
023015914000,2016,27.1
023015914000,2017,28.5
023015914000,2018,31.3
023015914000,2019,28.9
023015914000,2020,23.7
023015915000,2010,21.6
023015915000,2011,16.6
023015915000,2012,15.6
023015915000,2013,17.9
023015915000,2014,17.5
023015915000,2015,19.7
023015915000,2016,23.3
023015915000,2017,24.7
023015915000,2018,25.6
023015915000,2019,24.2
023015915000,2020,18.1
023015922000,2010,22.5
023015922000,2011,15.6
023015922000,2012,15.9
023015922000,2013,16.1
023015922000,2014,19.0
023015922000,2015,19.6
023015922000,2016,24.4
023015922000,2017,27.4
023015922000,2018,20.1
023015922000,2019,17.6
023015922000,2020,14.5
023015929000,2010,26.2
023015929000,2011,24.5
023015929000,2012,22.1
023015929000,2013,18.6
023015929000,2014,21.7
023015929000,2015,17.9
023015929000,2016,20.3
023015929000,2017,21.6
023015929000,2018,24.2
023015929000,2019,23.0
023015929000,2020,25.6
023015963000,2010,27.5
023015963000,2011,30.8
023015963000,2012,27.0
023015963000,2013,25.5
023015963000,2014,25.0
023015963000,2015,30.5
023015963000,2016,33.6
023015963000,2017,28.6
023015963000,2018,23.9
023015963000,2019,26.2
023015963000,2020,18.6
023016001000,2010,15.9
023016001000,2011,16.5
023016001000,2012,17.7
023016001000,2013,17.6
023016001000,2014,19.0
023016001000,2015,19.6
023016001000,2016,20.5
023016001000,2017,21.6
023016001000,2018,26.9
023016001000,2019,28.1
023016001000,2020,24.2
023016002000,2010,24.6
023016002000,2011,20.4
023016002000,2012,15.8
023016002000,2013,13.4
023016002000,2014,15.3
023016002000,2015,21.5
023016002000,2016,20.0
023016002000,2017,28.1
023016002000,2018,26.3
023016002000,2019,26.9
023016002000,2020,21.9
023016019000,2010,20.3
023016019000,2011,20.8
023016019000,2012,19.7
023016019000,2013,21.0
023016019000,2014,22.6
023016019000,2015,25.2
023016019000,2016,21.4
023016019000,2017,26.4
023016019000,2018,26.3
023016019000,2019,25.4
023016019000,2020,19.7
023016028000,2010,37.8
023016028000,2011,36.4
023016028000,2012,28.3
023016028000,2013,27.0
023016028000,2014,27.5
023016028000,2015,37.2
023016028000,2016,33.7
023016028000,2017,37.9
023016028000,2018,40.5
023016028000,2019,40.2
023016028000,2020,22.5
023016031000,2010,19.7
023016031000,2011,14.2
023016031000,2012,16.1
023016031000,2013,15.9
023016031000,2014,17.1
023016031000,2015,20.4
023016031000,2016,20.9
023016031000,2017,19.3
023016031000,2018,18.8
023016031000,2019,23.8
023016031000,2020,21.9
023016116000,2010,19.6
023016116000,2011,27.3
023016116000,2012,19.1
023016116000,2013,13.8
023016116000,2014,14.9
023016116000,2015,15.0
023016116000,2016,19.7
023016116000,2017,22.2
023016116000,2018,22.5
023016116000,2019,22.0
023016116000,2020,16.2
023016121000,2010,24.2
023016121000,2011,23.2
023016121000,2012,23.4
023016121000,2013,21.6
023016121000,2014,24.9
023016121000,2015,24.5
023016121000,2016,25.5
023016121000,2017,26.6
023016121000,2018,28.0
023016121000,2019,26.6
023016121000,2020,15.8
023016124000,2010,23.6
023016124000,2011,23.7
023016124000,2012,21.4
023016124000,2013,20.7
023016124000,2014,18.7
023016124000,2015,19.6
023016124000,2016,20.6
023016124000,2017,22.1
023016124000,2018,25.1
023016124000,2019,23.9
023016124000,2020,18.1
023016125000,2010,21.8
023016125000,2011,18.2
023016125000,2012,15.9
023016125000,2013,18.9
023016125000,2014,20.4
023016125000,2015,26.2
023016125000,2016,30.2
023016125000,2017,27.9
023016125000,2018,38.9
023016125000,2019,46.5
023016125000,2020,36.6
023016126000,2010,24.3
023016126000,2011,22.5
023016126000,2012,23.0
023016126000,2013,23.1
023016126000,2014,21.5
023016126000,2015,22.9
023016126000,2016,22.8
023016126000,2017,24.5
023016126000,2018,27.6
023016126000,2019,21.9
023016126000,2020,17.8
023016264000,2010,33.2
023016264000,2011,34.9
023016264000,2012,35.1
023016264000,2013,34.9
023016264000,2014,37.8
023016264000,2015,40.8
023016264000,2016,42.7
023016264000,2017,43.0
023016264000,2018,43.7
023016264000,2019,42.0
023016264000,2020,23.5
023216301000,2010,0.0
023216301000,2011,20.4
023216301000,2012,22.8
023216301000,2013,21.1
023216301000,2014,22.6
023216301000,2015,22.6
023216301000,2016,22.0
023216301000,2017,16.1
023216301000,2018,18.1
023216301000,2019,17.2
023216301000,2020,0.0
023216308000,2010,59.0
023216308000,2011,61.3
023216308000,2012,61.1
023216308000,2013,62.1
023216308000,2014,64.1
023216308000,2015,63.9
023216308000,2016,65.2
023216308000,2017,64.7
023216308000,2018,63.3
023216308000,2019,61.6
023216308000,2020,43.8
023216309000,2010,45.5
023216309000,2011,46.3
023216309000,2012,46.9
023216309000,2013,42.2
023216309000,2014,42.4
023216309000,2015,44.4
023216309000,2016,47.9
023216309000,2017,46.3
023216309000,2018,47.4
023216309000,2019,47.8
023216309000,2020,34.5
023216313000,2010,50.9
023216313000,2011,46.0
023216313000,2012,46.9
023216313000,2013,47.1
023216313000,2014,46.8
023216313000,2015,50.1
023216313000,2016,51.7
023216313000,2017,48.9
023216313000,2018,52.3
023216313000,2019,55.6
023216313000,2020,42.9
023216361000,2010,30.5
023216361000,2011,31.3
023216361000,2012,30.4
023216361000,2013,34.4
023216361000,2014,31.8
023216361000,2015,30.9
023216361000,2016,31.9
023216361000,2017,32.3
023216361000,2018,32.7
023216361000,2019,33.4
023216361000,2020,26.6
023216402000,2010,22.0
023216402000,2011,21.9
023216402000,2012,21.2
023216402000,2013,17.9
023216402000,2014,17.0
023216402000,2015,17.9
023216402000,2016,17.9
023216402000,2017,16.6
023216402000,2018,17.2
023216402000,2019,18.2
023216402000,2020,21.5
023216403000,2010,16.3
023216403000,2011,17.2
023216403000,2012,17.1
023216403000,2013,18.2
023216403000,2014,16.5
023216403000,2015,20.0
023216403000,2016,23.0
023216403000,2017,31.0
023216403000,2018,32.6
023216403000,2019,35.0
023216403000,2020,28.3
023216410000,2010,25.9
023216410000,2011,23.2
023216410000,2012,25.9
023216410000,2013,28.7
023216410000,2014,24.3
023216410000,2015,25.6
023216410000,2016,28.0
023216410000,2017,30.7
023216410000,2018,31.1
023216410000,2019,33.3
023216410000,2020,22.3
023216412000,2010,0.0
023216412000,2011,0.0
023216412000,2012,0.0
023216412000,2013,0.0
023216412000,2014,10.4
023216412000,2015,12.7
023216412000,2016,21.3
023216412000,2017,25.8
023216412000,2018,21.6
023216412000,2019,0.0
023216412000,2020,14.8
023216415000,2010,29.5
023216415000,2011,28.5
023216415000,2012,25.2
023216415000,2013,32.7
023216415000,2014,26.5
023216415000,2015,27.7
023216415000,2016,24.5
023216415000,2017,29.9
023216415000,2018,29.6
023216415000,2019,29.1
023216415000,2020,22.9
023216416000,2010,53.0
023216416000,2011,44.1
023216416000,2012,42.6
023216416000,2013,40.2
023216416000,2014,43.5
023216416000,2015,45.5
023216416000,2016,48.2
023216416000,2017,55.1
023216416000,2018,52.2
023216416000,2019,50.8
023216416000,2020,37.5
023216417000,2010,35.4
023216417000,2011,35.1
023216417000,2012,35.5
023216417000,2013,36.3
023216417000,2014,33.1
023216417000,2015,39.3
023216417000,2016,39.6
023216417000,2017,41.9
023216417000,2018,38.7
023216417000,2019,38.7
023216417000,2020,34.1
023216418000,2010,0.0
023216418000,2011,9.6
023216418000,2012,18.3
023216418000,2013,17.5
023216418000,2014,22.0
023216418000,2015,22.2
023216418000,2016,24.3
023216418000,2017,27.2
023216418000,2018,28.4
023216418000,2019,33.2
023216418000,2020,30.3
023216562000,2010,37.2
023216562000,2011,37.6
023216562000,2012,37.2
023216562000,2013,38.1
023216562000,2014,42.5
023216562000,2015,46.1
023216562000,2016,45.8
023216562000,2017,47.9
023216562000,2018,46.6
023216562000,2019,48.2
023216562000,2020,32.8
023216604000,2010,32.9
023216604000,2011,33.2
023216604000,2012,31.8
023216604000,2013,36.0
023216604000,2014,33.2
023216604000,2015,32.2
023216604000,2016,27.9
023216604000,2017,23.8
023216604000,2018,32.1
023216604000,2019,38.4
023216604000,2020,31.9
023216605000,2010,35.3
023216605000,2011,33.6
023216605000,2012,31.5
023216605000,2013,30.3
023216605000,2014,33.6
023216605000,2015,34.3
023216605000,2016,36.6
023216605000,2017,40.1
023216605000,2018,41.1
023216605000,2019,40.6
023216605000,2020,30.5
023216606000,2010,32.6
023216606000,2011,26.7
023216606000,2012,21.5
023216606000,2013,18.6
023216606000,2014,24.9
023216606000,2015,26.7
023216606000,2016,32.3
023216606000,2017,31.3
023216606000,2018,28.0
023216606000,2019,31.0
023216606000,2020,32.6
023216607000,2010,38.1
023216607000,2011,38.1
023216607000,2012,38.0
023216607000,2013,39.2
023216607000,2014,42.2
023216607000,2015,46.0
023216607000,2016,48.8
023216607000,2017,50.7
023216607000,2018,51.4
023216607000,2019,50.2
023216607000,2020,39.1
023216611000,2010,20.4
023216611000,2011,19.1
023216611000,2012,23.9
023216611000,2013,21.9
023216611000,2014,24.7
023216611000,2015,26.2
023216611000,2016,27.3
023216611000,2017,28.5
023216611000,2018,32.5
023216611000,2019,30.4
023216611000,2020,23.7
023216614000,2010,25.8
023216614000,2011,26.1
023216614000,2012,27.1
023216614000,2013,29.3
023216614000,2014,23.5
023216614000,2015,23.3
023216614000,2016,29.8
023216614000,2017,30.7
023216614000,2018,27.8
023216614000,2019,32.6
023216614000,2020,27.8
023216663000,2010,44.6
023216663000,2011,44.8
023216663000,2012,47.6
023216663000,2013,49.5
023216663000,2014,53.0
023216663000,2015,54.4
023216663000,2016,54.0
023216663000,2017,56.9
023216663000,2018,57.8
023216663000,2019,56.9
023216663000,2020,41.3
030210101000,2010,29.1
030210101000,2011,29.6
030210101000,2012,25.1
030210101000,2013,20.6
030210101000,2014,22.4
030210101000,2015,23.0
030210101000,2016,28.3
030210101000,2017,29.0
030210101000,2018,34.5
030210101000,2019,40.6
030210101000,2020,30.2
030210105000,2010,14.8
030210105000,2011,16.1
030210105000,2012,16.4
030210105000,2013,12.5
030210105000,2014,10.9
030210105000,2015,6.6
030210105000,2016,23.3
030210105000,2017,28.5
030210105000,2018,32.0
030210105000,2019,30.4
030210105000,2020,18.1
030210106000,2010,23.3
030210106000,2011,24.0
030210106000,2012,24.2
030210106000,2013,24.1
030210106000,2014,23.4
030210106000,2015,24.9
030210106000,2016,28.2
030210106000,2017,27.9
030210106000,2018,29.9
030210106000,2019,32.0
030210106000,2020,26.4
030210107000,2010,11.4
030210107000,2011,12.2
030210107000,2012,15.6
030210107000,2013,10.4
030210107000,2014,13.1
030210107000,2015,13.3
030210107000,2016,15.7
030210107000,2017,18.3
030210107000,2018,16.1
030210107000,2019,17.5
030210107000,2020,11.8
030210110000,2010,37.0
030210110000,2011,37.9
030210110000,2012,38.0
030210110000,2013,39.0
030210110000,2014,35.0
030210110000,2015,40.7
030210110000,2016,45.5
030210110000,2017,45.7
030210110000,2018,47.5
030210110000,2019,48.3
030210110000,2020,32.5
030210112000,2010,24.9
030210112000,2011,24.5
030210112000,2012,21.0
030210112000,2013,18.3
030210112000,2014,17.6
030210112000,2015,18.6
030210112000,2016,23.9
030210112000,2017,23.7
030210112000,2018,25.7
030210112000,2019,27.1
030210112000,2020,16.9
030210125000,2010,29.6
030210125000,2011,30.0
030210125000,2012,25.8
030210125000,2013,26.0
030210125000,2014,26.6
030210125000,2015,25.3
030210125000,2016,27.0
030210125000,2017,37.3
030210125000,2018,38.1
030210125000,2019,40.3
030210125000,2020,25.5
030210126000,2010,0.0
030210126000,2011,0.0
030210126000,2012,20.9
030210126000,2013,21.1
030210126000,2014,22.1
030210126000,2015,22.1
030210126000,2016,19.1
030210126000,2017,24.7
030210126000,2018,32.9
030210126000,2019,32.6
030210126000,2020,14.7
030210161000,2010,23.1
030210161000,2011,23.5
030210161000,2012,30.6
030210161000,2013,36.1
030210161000,2014,38.7
030210161000,2015,39.5
030210161000,2016,41.5
030210161000,2017,49.7
030210161000,2018,52.1
030210161000,2019,52.1
030210161000,2020,35.0
030210203000,2010,40.9
030210203000,2011,34.2
030210203000,2012,28.3
030210203000,2013,31.7
030210203000,2014,28.4
030210203000,2015,36.5
030210203000,2016,34.0
030210203000,2017,23.5
030210203000,2018,24.5
030210203000,2019,29.7
030210203000,2020,23.5
030210204000,2010,0.0
030210204000,2011,0.0
030210204000,2012,0.0
030210204000,2013,0.0
030210204000,2014,0.0
030210204000,2015,0.0
030210204000,2016,0.0
030210204000,2017,0.0
030210204000,2018,0.0
030210204000,2019,0.0
030210204000,2020,0.0
030210209000,2010,21.3
030210209000,2011,23.2
030210209000,2012,23.5
030210209000,2013,28.0
030210209000,2014,19.1
030210209000,2015,21.4
030210209000,2016,21.8
030210209000,2017,26.0
030210209000,2018,31.8
030210209000,2019,32.8
030210209000,2020,19.7
030210211000,2010,28.4
030210211000,2011,28.8
030210211000,2012,29.3
030210211000,2013,27.0
030210211000,2014,25.5
030210211000,2015,23.5
030210211000,2016,29.1
030210211000,2017,32.1
030210211000,2018,31.0
030210211000,2019,29.7
030210211000,2020,19.1
030210216000,2010,28.8
030210216000,2011,32.5
030210216000,2012,36.1
030210216000,2013,33.0
030210216000,2014,33.6
030210216000,2015,31.1
030210216000,2016,31.9
030210216000,2017,29.2
030210216000,2018,27.5
030210216000,2019,30.2
030210216000,2020,22.7
030210262000,2010,22.1
030210262000,2011,27.8
030210262000,2012,25.6
030210262000,2013,24.4
030210262000,2014,24.0
030210262000,2015,23.7
030210262000,2016,30.5
030210262000,2017,38.2
030210262000,2018,40.4
030210262000,2019,36.4
030210262000,2020,17.7
030210302000,2010,32.9
030210302000,2011,31.2
030210302000,2012,32.5
030210302000,2013,32.9
030210302000,2014,31.2
030210302000,2015,33.0
030210302000,2016,29.1
030210302000,2017,25.4
030210302000,2018,24.8
030210302000,2019,26.0
030210302000,2020,17.6
030210308000,2010,25.6
030210308000,2011,25.8
030210308000,2012,26.3
030210308000,2013,29.3
030210308000,2014,35.1
030210308000,2015,36.9
030210308000,2016,39.9
030210308000,2017,41.6
030210308000,2018,43.0
030210308000,2019,43.8
030210308000,2020,30.0
030210319000,2010,28.8
030210319000,2011,28.2
030210319000,2012,25.7
030210319000,2013,25.4
030210319000,2014,28.4
030210319000,2015,30.7
030210319000,2016,32.5
030210319000,2017,29.8
030210319000,2018,32.4
030210319000,2019,32.6
030210319000,2020,17.2
030210321000,2010,27.0
030210321000,2011,27.0
030210321000,2012,47.3
030210321000,2013,45.0
030210321000,2014,43.6
030210321000,2015,46.7
030210321000,2016,46.0
030210321000,2017,45.9
030210321000,2018,46.0
030210321000,2019,45.8
030210321000,2020,27.1
030210324000,2010,25.9
030210324000,2011,20.6
030210324000,2012,19.8
030210324000,2013,21.7
030210324000,2014,22.4
030210324000,2015,23.6
030210324000,2016,26.4
030210324000,2017,25.8
030210324000,2018,31.2
030210324000,2019,32.9
030210324000,2020,25.5
030210365000,2013,24.1
030210365000,2014,28.4
030210365000,2015,32.6
030210365000,2016,33.9
030210365000,2017,38.9
030210365000,2018,41.3
030210365000,2019,43.5
030210365000,2020,32.9
030210413000,2010,18.6
030210413000,2011,21.9
030210413000,2012,15.3
030210413000,2013,13.7
030210413000,2014,19.3
030210413000,2015,19.5
030210413000,2016,20.2
030210413000,2017,21.4
030210413000,2018,22.4
030210413000,2019,18.0
030210413000,2020,9.5
030210414000,2010,24.9
030210414000,2011,24.6
030210414000,2012,24.5
030210414000,2013,20.7
030210414000,2014,21.3
030210414000,2015,20.6
030210414000,2016,27.6
030210414000,2017,33.6
030210414000,2018,34.3
030210414000,2019,31.0
030210414000,2020,20.8
030210415000,2010,26.7
030210415000,2011,29.0
030210415000,2012,30.6
030210415000,2013,40.4
030210415000,2014,42.6
030210415000,2015,38.4
030210415000,2016,35.4
030210415000,2017,38.2
030210415000,2018,41.1
030210415000,2019,35.2
030210415000,2020,19.7
030210417000,2010,22.2
030210417000,2011,0.0
030210417000,2012,19.2
030210417000,2013,24.9
030210417000,2014,28.5
030210417000,2015,24.9
030210417000,2016,11.9
030210417000,2017,12.6
030210417000,2018,12.8
030210417000,2019,11.7
030210417000,2020,0.0
030210418000,2010,26.6
030210418000,2011,30.0
030210418000,2012,27.9
030210418000,2013,36.8
030210418000,2014,33.4
030210418000,2015,26.4
030210418000,2016,29.7
030210418000,2017,29.5
030210418000,2018,23.4
030210418000,2019,31.7
030210418000,2020,20.6
030210420000,2010,14.8
030210420000,2011,15.8
030210420000,2012,11.6
030210420000,2013,13.1
030210420000,2014,16.4
030210420000,2015,20.9
030210420000,2016,22.0
030210420000,2017,21.7
030210420000,2018,23.8
030210420000,2019,23.9
030210420000,2020,11.9
030210422000,2010,24.2
030210422000,2011,13.6
030210422000,2012,11.9
030210422000,2013,16.7
030210422000,2014,15.8
030210422000,2015,24.0
030210422000,2016,26.8
030210422000,2017,28.6
030210422000,2018,31.2
030210422000,2019,39.6
030210422000,2020,0.0
030210423000,2010,19.5
030210423000,2011,21.6
030210423000,2012,14.0
030210423000,2013,13.3
030210423000,2014,29.4
030210423000,2015,27.6
030210423000,2016,32.8
030210423000,2017,31.8
030210423000,2018,31.8
030210423000,2019,31.4
030210423000,2020,22.2
030210564000,2010,40.8
030210564000,2011,42.0
030210564000,2012,39.5
030210564000,2013,41.0
030210564000,2014,41.7
030210564000,2015,45.9
030210564000,2016,49.9
030210564000,2017,49.0
030210564000,2018,48.6
030210564000,2019,48.2
030210564000,2020,26.0
031613101000,2010,34.3
031613101000,2011,21.1
031613101000,2012,0.0
031613101000,2013,25.4
031613101000,2014,26.3
031613101000,2015,25.3
031613101000,2016,19.9
031613101000,2017,22.0
031613101000,2018,22.5
031613101000,2019,19.2
031613101000,2020,15.1
031613102000,2010,13.2
031613102000,2011,14.6
031613102000,2012,12.9
031613102000,2013,17.9
031613102000,2014,25.9
031613102000,2015,18.6
031613102000,2016,18.2
031613102000,2017,22.7
031613102000,2018,24.8
031613102000,2019,25.2
031613102000,2020,16.3
031613106000,2010,0.0
031613106000,2011,30.4
031613106000,2012,19.8
031613106000,2013,18.9
031613106000,2014,21.8
031613106000,2015,20.1
031613106000,2016,21.8
031613106000,2017,27.3
031613106000,2018,23.4
031613106000,2019,24.0
031613106000,2020,21.5
031613107000,2010,22.3
031613107000,2011,23.0
031613107000,2012,27.2
031613107000,2013,26.6
031613107000,2014,25.2
031613107000,2015,28.1
031613107000,2016,29.5
031613107000,2017,32.9
031613107000,2018,34.9
031613107000,2019,35.3
031613107000,2020,25.9
031613110000,2010,26.6
031613110000,2011,28.5
031613110000,2012,21.8
031613110000,2013,26.3
031613110000,2014,26.5
031613110000,2015,31.1
031613110000,2016,30.1
031613110000,2017,32.1
031613110000,2018,31.1
031613110000,2019,31.7
031613110000,2020,20.0
031613203000,2010,17.9
031613203000,2011,17.1
031613203000,2012,23.3
031613203000,2013,15.5
031613203000,2014,18.8
031613203000,2015,20.7
031613203000,2016,22.4
031613203000,2017,28.1
031613203000,2018,28.4
031613203000,2019,28.8
031613203000,2020,17.3
031613204000,2010,21.5
031613204000,2011,20.7
031613204000,2012,19.3
031613204000,2013,19.1
031613204000,2014,24.9
031613204000,2015,23.4
031613204000,2016,26.3
031613204000,2017,29.4
031613204000,2018,30.4
031613204000,2019,29.6
031613204000,2020,24.4
031613205000,2010,38.2
031613205000,2011,45.7
031613205000,2012,41.6
031613205000,2013,22.7
031613205000,2014,23.1
031613205000,2015,23.3
031613205000,2016,27.2
031613205000,2017,33.4
031613205000,2018,36.4
031613205000,2019,41.4
031613205000,2020,29.6
031613208000,2010,32.4
031613208000,2011,31.9
031613208000,2012,30.0
031613208000,2013,26.4
031613208000,2014,19.8
031613208000,2015,22.8
031613208000,2016,22.7
031613208000,2017,23.7
031613208000,2018,22.2
031613208000,2019,23.5
031613208000,2020,14.8
031613209000,2010,18.3
031613209000,2011,15.3
031613209000,2012,17.7
031613209000,2013,20.3
031613209000,2014,17.5
031613209000,2015,21.9
031613209000,2016,27.3
031613209000,2017,25.9
031613209000,2018,24.8
031613209000,2019,23.8
031613209000,2020,16.9
031613211000,2010,20.6
031613211000,2011,29.9
031613211000,2012,29.1
031613211000,2013,37.9
031613211000,2014,37.0
031613211000,2015,34.1
031613211000,2016,41.1
031613211000,2017,34.9
031613211000,2018,37.3
031613211000,2019,35.9
031613211000,2020,23.2
031613261000,2010,39.2
031613261000,2011,33.4
031613261000,2012,31.6
031613261000,2013,34.0
031613261000,2014,35.3
031613261000,2015,33.1
031613261000,2016,37.9
031613261000,2017,37.4
031613261000,2018,38.5
031613261000,2019,44.3
031613261000,2020,26.6
040410603000,2010,22.3
040410603000,2011,21.6
040410603000,2012,19.4
040410603000,2013,20.2
040410603000,2014,20.0
040410603000,2015,21.7
040410603000,2016,21.5
040410603000,2017,20.3
040410603000,2018,24.0
040410603000,2019,27.1
040410603000,2020,20.1
040410615000,2010,24.8
040410615000,2011,26.0
040410615000,2012,19.6
040410615000,2013,30.6
040410615000,2014,29.8
040410615000,2015,26.5
040410615000,2016,28.4
040410615000,2017,27.5
040410615000,2018,26.1
040410615000,2019,24.3
040410615000,2020,14.7
040410661000,2010,29.2
040410661000,2011,29.9
040410661000,2012,29.4
040410661000,2013,27.5
040410661000,2014,29.7
040410661000,2015,38.9
040410661000,2016,36.2
040410661000,2017,38.4
040410661000,2018,37.1
040410661000,2019,38.2
040410661000,2020,24.1
040410663000,2010,35.2
040410663000,2011,36.9
040410663000,2012,34.5
040410663000,2013,35.3
040410663000,2014,36.5
040410663000,2015,38.9
040410663000,2016,40.1
040410663000,2017,39.7
040410663000,2018,39.6
040410663000,2019,40.7
040410663000,2020,24.2
040410702000,2010,28.1
040410702000,2011,25.8
040410702000,2012,22.0
040410702000,2013,26.2
040410702000,2014,20.8
040410702000,2015,25.5
040410702000,2016,26.9
040410702000,2017,26.7
040410702000,2018,27.3
040410702000,2019,28.4
040410702000,2020,24.5
040410704000,2010,19.0
040410704000,2011,17.9
040410704000,2012,16.4
040410704000,2013,17.7
040410704000,2014,18.3
040410704000,2015,23.5
040410704000,2016,21.1
040410704000,2017,23.4
040410704000,2018,27.1
040410704000,2019,23.6
040410704000,2020,16.5
040410705000,2010,21.6
040410705000,2011,21.4
040410705000,2012,21.1
040410705000,2013,27.6
040410705000,2014,33.2
040410705000,2015,30.8
040410705000,2016,30.8
040410705000,2017,36.4
040410705000,2018,35.4
040410705000,2019,36.2
040410705000,2020,27.2
040410706000,2010,8.8
040410706000,2011,23.7
040410706000,2012,12.0
040410706000,2013,9.0
040410706000,2014,13.8
040410706000,2015,24.1
040410706000,2016,20.1
040410706000,2017,20.8
040410706000,2018,23.1
040410706000,2019,14.2
040410706000,2020,11.9
040410712000,2010,26.6
040410712000,2011,31.8
040410712000,2012,26.5
040410712000,2013,42.3
040410712000,2014,0.0
040410712000,2015,0.0
040410712000,2016,0.0
040410712000,2017,14.9
040410712000,2018,0.0
040410712000,2019,0.0
040410712000,2020,0.0
040410717000,2010,34.8
040410717000,2011,20.8
040410717000,2012,11.5
040410717000,2013,21.7
040410717000,2014,20.3
040410717000,2015,18.5
040410717000,2016,17.8
040410717000,2017,19.7
040410717000,2018,17.6
040410717000,2019,28.0
040410717000,2020,15.8
040410762000,2010,21.8
040410762000,2011,21.0
040410762000,2012,20.8
040410762000,2013,19.0
040410762000,2014,20.8
040410762000,2015,21.4
040410762000,2016,22.0
040410762000,2017,21.8
040410762000,2018,24.1
040410762000,2019,26.8
040410762000,2020,23.9
040410801000,2010,62.7
040410801000,2011,69.4
040410801000,2012,73.8
040410801000,2013,73.1
040410801000,2014,74.5
040410801000,2015,73.6
040410801000,2016,71.3
040410801000,2017,69.3
040410801000,2018,68.9
040410801000,2019,69.3
040410801000,2020,43.8
040410808000,2010,5.9
040410808000,2011,12.0
040410808000,2012,19.9
040410808000,2013,17.0
040410808000,2014,10.9
040410808000,2015,8.1
040410808000,2016,7.9
040410808000,2017,14.1
040410808000,2018,18.4
040410808000,2019,18.5
040410808000,2020,16.8
040410811000,2010,49.8
040410811000,2011,52.3
040410811000,2012,34.5
040410811000,2013,21.4
040410811000,2014,21.9
040410811000,2015,25.1
040410811000,2016,23.5
040410811000,2017,18.3
040410811000,2018,30.1
040410811000,2019,24.1
040410811000,2020,0.0
040410818000,2010,59.0
040410818000,2011,62.9
040410818000,2012,68.8
040410818000,2013,63.6
040410818000,2014,62.3
040410818000,2015,54.7
040410818000,2016,52.9
040410818000,2017,56.3
040410818000,2018,71.7
040410818000,2019,70.5
040410818000,2020,47.1
040410864000,2010,28.8
040410864000,2011,28.4
040410864000,2012,22.6
040410864000,2013,23.8
040410864000,2014,24.6
040410864000,2015,24.0
040410864000,2016,22.5
040410864000,2017,22.6
040410864000,2018,24.2
040410864000,2019,26.0
040410864000,2020,17.4
040416707000,2010,62.3
040416707000,2011,62.1
040416707000,2012,65.6
040416707000,2013,71.1
040416707000,2014,71.0
040416707000,2015,69.6
040416707000,2016,70.5
040416707000,2017,70.8
040416707000,2018,72.7
040416707000,2019,71.1
040416707000,2020,45.8
040416709000,2010,30.2
040416709000,2011,24.5
040416709000,2012,21.8
040416709000,2013,23.8
040416709000,2014,20.2
040416709000,2015,27.1
040416709000,2016,26.9
040416709000,2017,22.4
040416709000,2018,24.9
040416709000,2019,25.1
040416709000,2020,14.5
040416710000,2010,15.0
040416710000,2011,20.0
040416710000,2012,16.9
040416710000,2013,25.3
040416710000,2014,14.4
040416710000,2015,14.3
040416710000,2016,15.1
040416710000,2017,15.6
040416710000,2018,11.5
040416710000,2019,25.0
040416710000,2020,16.5
040416719000,2010,23.7
040416719000,2011,25.1
040416719000,2012,25.3
040416719000,2013,18.5
040416719000,2014,19.4
040416719000,2015,22.7
040416719000,2016,29.0
040416719000,2017,28.9
040416719000,2018,23.6
040416719000,2019,27.1
040416719000,2020,22.5
040416813000,2010,38.7
040416813000,2011,34.9
040416813000,2012,34.6
040416813000,2013,40.5
040416813000,2014,44.7
040416813000,2015,41.5
040416813000,2016,35.7
040416813000,2017,35.2
040416813000,2018,33.2
040416813000,2019,33.0
040416813000,2020,32.8
040416814000,2010,23.2
040416814000,2011,21.2
040416814000,2012,23.1
040416814000,2013,22.7
040416814000,2014,23.6
040416814000,2015,24.8
040416814000,2016,30.2
040416814000,2017,31.3
040416814000,2018,30.6
040416814000,2019,31.2
040416814000,2020,27.0
040416816000,2010,32.5
040416816000,2011,28.8
040416816000,2012,24.4
040416816000,2013,21.7
040416816000,2014,20.3
040416816000,2015,23.3
040416816000,2016,27.3
040416816000,2017,29.9
040416816000,2018,25.7
040416816000,2019,29.3
040416816000,2020,23.2
042214004000,2010,26.1
042214004000,2011,24.8
042214004000,2012,23.4
042214004000,2013,22.7
042214004000,2014,24.5
042214004000,2015,27.7
042214004000,2016,31.0
042214004000,2017,33.4
042214004000,2018,29.6
042214004000,2019,32.4
042214004000,2020,21.9
042214005000,2010,18.5
042214005000,2011,15.1
042214005000,2012,16.6
042214005000,2013,20.1
042214005000,2014,20.0
042214005000,2015,20.2
042214005000,2016,21.2
042214005000,2017,22.4
042214005000,2018,24.1
042214005000,2019,28.5
042214005000,2020,28.6
042214010000,2010,30.5
042214010000,2011,32.2
042214010000,2012,34.3
042214010000,2013,37.7
042214010000,2014,35.5
042214010000,2015,40.1
042214010000,2016,40.4
042214010000,2017,42.5
042214010000,2018,45.7
042214010000,2019,42.3
042214010000,2020,31.7
042214011000,2010,36.5
042214011000,2011,34.2
042214011000,2012,34.7
042214011000,2013,36.0
042214011000,2014,38.7
042214011000,2015,40.2
042214011000,2016,40.7
042214011000,2017,40.4
042214011000,2018,42.3
042214011000,2019,40.6
042214011000,2020,34.6
042214015000,2010,26.9
042214015000,2011,30.5
042214015000,2012,25.7
042214015000,2013,28.2
042214015000,2014,29.1
042214015000,2015,30.2
042214015000,2016,34.1
042214015000,2017,36.3
042214015000,2018,37.4
042214015000,2019,35.4
042214015000,2020,23.7
042214101000,2010,25.6
042214101000,2011,18.6
042214101000,2012,18.5
042214101000,2013,16.3
042214101000,2014,22.5
042214101000,2015,22.7
042214101000,2016,25.5
042214101000,2017,25.0
042214101000,2018,26.6
042214101000,2019,29.3
042214101000,2020,27.6
042214108000,2010,42.2
042214108000,2011,39.0
042214108000,2012,39.2
042214108000,2013,36.5
042214108000,2014,37.6
042214108000,2015,42.2
042214108000,2016,39.6
042214108000,2017,37.3
042214108000,2018,41.7
042214108000,2019,42.8
042214108000,2020,32.0
042214112000,2010,43.9
042214112000,2011,46.1
042214112000,2012,45.9
042214112000,2013,46.7
042214112000,2014,47.4
042214112000,2015,49.6
042214112000,2016,49.0
042214112000,2017,47.9
042214112000,2018,47.8
042214112000,2019,52.2
042214112000,2020,39.4
042214163000,2010,22.7
042214163000,2011,25.0
042214163000,2012,25.8
042214163000,2013,23.7
042214163000,2014,23.4
042214163000,2015,24.0
042214163000,2016,30.8
042214163000,2017,46.6
042214163000,2018,41.3
042214163000,2019,37.4
042214163000,2020,24.8
042214207000,2010,15.7
042214207000,2011,16.0
042214207000,2012,18.2
042214207000,2013,15.8
042214207000,2014,18.6
042214207000,2015,18.6
042214207000,2016,21.7
042214207000,2017,29.2
042214207000,2018,18.7
042214207000,2019,18.3
042214207000,2020,16.0
042214209000,2010,25.2
042214209000,2011,26.1
042214209000,2012,27.3
042214209000,2013,20.8
042214209000,2014,23.5
042214209000,2015,24.0
042214209000,2016,23.2
042214209000,2017,21.7
042214209000,2018,23.5
042214209000,2019,24.4
042214209000,2020,17.7
042214213000,2010,24.6
042214213000,2011,18.7
042214213000,2012,16.5
042214213000,2013,18.0
042214213000,2014,21.9
042214213000,2015,25.0
042214213000,2016,25.9
042214213000,2017,26.4
042214213000,2018,27.2
042214213000,2019,27.5
042214213000,2020,21.7
042214214000,2010,20.5
042214214000,2011,21.7
042214214000,2012,26.7
042214214000,2013,23.5
042214214000,2014,22.0
042214214000,2015,24.7
042214214000,2016,27.3
042214214000,2017,28.0
042214214000,2018,30.2
042214214000,2019,26.7
042214214000,2020,19.2
042214216000,2010,0.0
042214216000,2011,16.6
042214216000,2012,15.7
042214216000,2013,7.8
042214216000,2014,10.3
042214216000,2015,14.8
042214216000,2016,13.7
042214216000,2017,11.0
042214216000,2018,9.8
042214216000,2019,12.1
042214216000,2020,7.9
042214361000,2010,35.7
042214361000,2011,39.8
042214361000,2012,40.6
042214361000,2013,42.1
042214361000,2014,44.9
042214361000,2015,49.2
042214361000,2016,50.1
042214361000,2017,51.1
042214361000,2018,50.6
042214361000,2019,52.5
042214361000,2020,32.3
042214362000,2010,33.8
042214362000,2011,34.2
042214362000,2012,31.5
042214362000,2013,33.9
042214362000,2014,34.9
042214362000,2015,38.8
042214362000,2016,41.6
042214362000,2017,44.7
042214362000,2018,40.6
042214362000,2019,40.6
042214362000,2020,27.0
042214364000,2010,51.3
042214364000,2011,48.4
042214364000,2012,48.3
042214364000,2013,50.6
042214364000,2014,55.5
042214364000,2015,56.0
042214364000,2016,52.4
042214364000,2017,52.3
042214364000,2018,48.5
042214364000,2019,49.1
042214364000,2020,32.1
042217202000,2010,23.2
042217202000,2011,20.5
042217202000,2012,20.1
042217202000,2013,22.3
042217202000,2014,21.1
042217202000,2015,25.2
042217202000,2016,27.0
042217202000,2017,26.7
042217202000,2018,27.4
042217202000,2019,27.6
042217202000,2020,26.6
042217203000,2010,16.1
042217203000,2011,17.9
042217203000,2012,18.0
042217203000,2013,16.9
042217203000,2014,22.6
042217203000,2015,22.3
042217203000,2016,26.8
042217203000,2017,29.7
042217203000,2018,30.2
042217203000,2019,28.8
042217203000,2020,24.6
042217206000,2010,30.3
042217206000,2011,27.2
042217206000,2012,26.4
042217206000,2013,24.8
042217206000,2014,31.7
042217206000,2015,32.2
042217206000,2016,31.2
042217206000,2017,36.7
042217206000,2018,36.6
042217206000,2019,38.2
042217206000,2020,35.7
042815402000,2010,21.5
042815402000,2011,21.8
042815402000,2012,22.8
042815402000,2013,20.0
042815402000,2014,21.3
042815402000,2015,16.3
042815402000,2016,18.9
042815402000,2017,18.5
042815402000,2018,20.6
042815402000,2019,24.5
042815402000,2020,20.9
042815403000,2010,43.0
042815403000,2011,42.1
042815403000,2012,24.6
042815403000,2013,20.9
042815403000,2014,22.1
042815403000,2015,21.4
042815403000,2016,20.7
042815403000,2017,17.4
042815403000,2018,19.1
042815403000,2019,17.7
042815403000,2020,17.7
042815404000,2010,16.4
042815404000,2011,18.5
042815404000,2012,19.6
042815404000,2013,16.3
042815404000,2014,22.1
042815404000,2015,25.5
042815404000,2016,26.3
042815404000,2017,26.2
042815404000,2018,24.4
042815404000,2019,26.7
042815404000,2020,24.7
042815407000,2010,25.8
042815407000,2011,24.6
042815407000,2012,33.8
042815407000,2013,28.3
042815407000,2014,27.4
042815407000,2015,27.2
042815407000,2016,27.1
042815407000,2017,29.1
042815407000,2018,27.3
042815407000,2019,30.5
042815407000,2020,27.8
042815412000,2010,25.0
042815412000,2011,26.5
042815412000,2012,12.3
042815412000,2013,16.9
042815412000,2014,27.1
042815412000,2015,22.0
042815412000,2016,25.0
042815412000,2017,22.0
042815412000,2018,18.0
042815412000,2019,15.0
042815412000,2020,7.8
042815415000,2010,33.5
042815415000,2011,33.8
042815415000,2012,35.3
042815415000,2013,33.9
042815415000,2014,36.6
042815415000,2015,35.7
042815415000,2016,38.2
042815415000,2017,36.8
042815415000,2018,35.3
042815415000,2019,35.4
042815415000,2020,29.1
042815461000,2010,27.1
042815461000,2011,26.0
042815461000,2012,28.0
042815461000,2013,27.1
042815461000,2014,29.5
042815461000,2015,29.6
042815461000,2016,33.7
042815461000,2017,37.2
042815461000,2018,41.3
042815461000,2019,35.2
042815461000,2020,25.9
042815505000,2010,24.3
042815505000,2011,27.6
042815505000,2012,31.6
042815505000,2013,27.2
042815505000,2014,35.9
042815505000,2015,30.1
042815505000,2016,39.9
042815505000,2017,30.7
042815505000,2018,31.4
042815505000,2019,28.2
042815505000,2020,21.7
042815506000,2010,27.7
042815506000,2011,27.0
042815506000,2012,24.5
042815506000,2013,25.8
042815506000,2014,28.9
042815506000,2015,31.1
042815506000,2016,32.2
042815506000,2017,31.4
042815506000,2018,32.0
042815506000,2019,31.2
042815506000,2020,27.8
042815513000,2010,14.2
042815513000,2011,13.9
042815513000,2012,17.3
042815513000,2013,17.0
042815513000,2014,19.3
042815513000,2015,21.2
042815513000,2016,28.1
042815513000,2017,30.3
042815513000,2018,21.9
042815513000,2019,37.4
042815513000,2020,26.4
042815516000,2010,20.6
042815516000,2011,20.9
042815516000,2012,19.4
042815516000,2013,18.8
042815516000,2014,19.7
042815516000,2015,20.5
042815516000,2016,22.6
042815516000,2017,21.3
042815516000,2018,25.1
042815516000,2019,26.1
042815516000,2020,30.4
042815518000,2010,58.3
042815518000,2011,62.0
042815518000,2012,55.8
042815518000,2013,55.0
042815518000,2014,44.7
042815518000,2015,56.4
042815518000,2016,52.5
042815518000,2017,47.8
042815518000,2018,51.8
042815518000,2019,52.2
042815518000,2020,38.0
042815519000,2010,24.8
042815519000,2011,20.1
042815519000,2012,18.8
042815519000,2013,21.4
042815519000,2014,21.5
042815519000,2015,22.8
042815519000,2016,28.0
042815519000,2017,26.7
042815519000,2018,26.9
042815519000,2019,25.3
042815519000,2020,23.1
042815601000,2010,17.3
042815601000,2011,20.2
042815601000,2012,21.0
042815601000,2013,18.8
042815601000,2014,21.1
042815601000,2015,24.9
042815601000,2016,24.7
042815601000,2017,25.9
042815601000,2018,30.3
042815601000,2019,30.1
042815601000,2020,23.6
042815608000,2010,18.4
042815608000,2011,19.4
042815608000,2012,16.9
042815608000,2013,19.4
042815608000,2014,20.3
042815608000,2015,19.6
042815608000,2016,17.6
042815608000,2017,15.4
042815608000,2018,15.2
042815608000,2019,20.2
042815608000,2020,19.6
042815609000,2010,21.2
042815609000,2011,23.0
042815609000,2012,30.0
042815609000,2013,27.4
042815609000,2014,25.9
042815609000,2015,28.3
042815609000,2016,30.1
042815609000,2017,27.0
042815609000,2018,27.4
042815609000,2019,26.6
042815609000,2020,24.5
042815610000,2010,34.8
042815610000,2011,34.4
042815610000,2012,32.4
042815610000,2013,33.9
042815610000,2014,36.0
042815610000,2015,36.8
042815610000,2016,37.6
042815610000,2017,34.4
042815610000,2018,36.2
042815610000,2019,37.6
042815610000,2020,31.1
042815611000,2010,17.3
042815611000,2011,12.3
042815611000,2012,22.6
042815611000,2013,20.2
042815611000,2014,26.7
042815611000,2015,24.6
042815611000,2016,32.0
042815611000,2017,24.4
042815611000,2018,16.2
042815611000,2019,21.1
042815611000,2020,9.0
042815614000,2010,24.7
042815614000,2011,23.7
042815614000,2012,23.4
042815614000,2013,25.2
042815614000,2014,24.8
042815614000,2015,27.9
042815614000,2016,27.6
042815614000,2017,28.0
042815614000,2018,31.0
042815614000,2019,30.2
042815614000,2020,27.7
042815617000,2010,27.6
042815617000,2011,23.7
042815617000,2012,21.7
042815617000,2013,20.7
042815617000,2014,21.6
042815617000,2015,22.0
042815617000,2016,29.5
042815617000,2017,29.0
042815617000,2018,29.2
042815617000,2019,30.6
042815617000,2020,29.7
042815662000,2010,23.9
042815662000,2011,27.2
042815662000,2012,27.1
042815662000,2013,31.4
042815662000,2014,28.6
042815662000,2015,29.3
042815662000,2016,31.7
042815662000,2017,32.7
042815662000,2018,29.5
042815662000,2019,29.2
042815662000,2020,23.5
051011506000,2010,25.3
051011506000,2011,22.5
051011506000,2012,25.2
051011506000,2013,24.0
051011506000,2014,21.5
051011506000,2015,25.1
051011506000,2016,20.3
051011506000,2017,21.0
051011506000,2018,19.7
051011506000,2019,16.0
051011506000,2020,13.5
051011508000,2010,23.9
051011508000,2011,24.8
051011508000,2012,25.3
051011508000,2013,24.0
051011508000,2014,24.4
051011508000,2015,32.4
051011508000,2016,29.9
051011508000,2017,30.9
051011508000,2018,35.5
051011508000,2019,37.3
051011508000,2020,24.0
051011520000,2010,26.7
051011520000,2011,24.6
051011520000,2012,24.1
051011520000,2013,20.3
051011520000,2014,21.2
051011520000,2015,24.0
051011520000,2016,25.1
051011520000,2017,26.7
051011520000,2018,27.9
051011520000,2019,28.1
051011520000,2020,17.8
051011521000,2010,23.5
051011521000,2011,29.1
051011521000,2012,25.1
051011521000,2013,24.7
051011521000,2014,24.7
051011521000,2015,18.0
051011521000,2016,14.3
051011521000,2017,13.0
051011521000,2018,16.3
051011521000,2019,15.3
051011521000,2020,12.6
051011661000,2010,34.7
051011661000,2011,33.2
051011661000,2012,32.6
051011661000,2013,28.7
051011661000,2014,30.6
051011661000,2015,35.9
051011661000,2016,36.8
051011661000,2017,37.9
051011661000,2018,39.8
051011661000,2019,42.9
051011661000,2020,24.9
051011701000,2010,35.3
051011701000,2011,28.3
051011701000,2012,27.7
051011701000,2013,22.9
051011701000,2014,26.0
051011701000,2015,30.0
051011701000,2016,30.5
051011701000,2017,27.4
051011701000,2018,29.7
051011701000,2019,33.1
051011701000,2020,22.4
051011707000,2010,17.7
051011707000,2011,24.3
051011707000,2012,15.1
051011707000,2013,14.3
051011707000,2014,13.1
051011707000,2015,16.1
051011707000,2016,15.5
051011707000,2017,17.3
051011707000,2018,16.1
051011707000,2019,14.5
051011707000,2020,10.0
051011710000,2010,31.5
051011710000,2011,30.9
051011710000,2012,26.0
051011710000,2013,27.3
051011710000,2014,24.2
051011710000,2015,25.3
051011710000,2016,28.1
051011710000,2017,29.7
051011710000,2018,30.3
051011710000,2019,29.2
051011710000,2020,17.8
051011712000,2010,27.2
051011712000,2011,27.8
051011712000,2012,23.7
051011712000,2013,23.0
051011712000,2014,26.7
051011712000,2015,25.6
051011712000,2016,20.2
051011712000,2017,20.9
051011712000,2018,17.8
051011712000,2019,22.2
051011712000,2020,16.7
051011716000,2010,36.6
051011716000,2011,34.7
051011716000,2012,35.2
051011716000,2013,34.8
051011716000,2014,35.0
051011716000,2015,32.5
051011716000,2016,34.7
051011716000,2017,35.7
051011716000,2018,38.5
051011716000,2019,37.1
051011716000,2020,26.0
051011762000,2010,23.0
051011762000,2011,28.2
051011762000,2012,26.4
051011762000,2013,21.5
051011762000,2014,19.1
051011762000,2015,21.5
051011762000,2016,23.8
051011762000,2017,26.3
051011762000,2018,26.8
051011762000,2019,30.3
051011762000,2020,16.9
051011803000,2010,37.8
051011803000,2011,31.7
051011803000,2012,26.5
051011803000,2013,27.3
051011803000,2014,32.1
051011803000,2015,34.2
051011803000,2016,31.2
051011803000,2017,31.6
051011803000,2018,35.1
051011803000,2019,40.7
051011803000,2020,27.5
051011809000,2010,0.0
051011809000,2011,9.3
051011809000,2012,17.3
051011809000,2013,10.9
051011809000,2014,10.5
051011809000,2015,9.4
051011809000,2016,19.9
051011809000,2017,26.5
051011809000,2018,29.3
051011809000,2019,35.7
051011809000,2020,35.1
051011811000,2010,25.8
051011811000,2011,32.1
051011811000,2012,27.0
051011811000,2013,30.4
051011811000,2014,35.8
051011811000,2015,42.4
051011811000,2016,42.8
051011811000,2017,43.9
051011811000,2018,44.0
051011811000,2019,43.8
051011811000,2020,25.0
051011814000,2010,27.7
051011814000,2011,28.7
051011814000,2012,29.4
051011814000,2013,27.6
051011814000,2014,26.8
051011814000,2015,31.1
051011814000,2016,30.5
051011814000,2017,30.4
051011814000,2018,32.1
051011814000,2019,34.2
051011814000,2020,18.3
051011817000,2010,33.3
051011817000,2011,31.9
051011817000,2012,30.6
051011817000,2013,29.1
051011817000,2014,27.2
051011817000,2015,27.5
051011817000,2016,27.6
051011817000,2017,30.1
051011817000,2018,32.2
051011817000,2019,31.7
051011817000,2020,17.2
051011818000,2010,30.8
051011818000,2011,23.2
051011818000,2012,22.1
051011818000,2013,26.9
051011818000,2014,23.5
051011818000,2015,21.6
051011818000,2016,22.4
051011818000,2017,24.1
051011818000,2018,30.7
051011818000,2019,29.7
051011818000,2020,34.2
051011819000,2010,13.2
051011819000,2011,14.1
051011819000,2012,17.0
051011819000,2013,18.4
051011819000,2014,14.8
051011819000,2015,10.8
051011819000,2016,12.0
051011819000,2017,17.6
051011819000,2018,21.6
051011819000,2019,16.6
051011819000,2020,12.6
051011902000,2010,35.2
051011902000,2011,42.4
051011902000,2012,31.4
051011902000,2013,28.8
051011902000,2014,33.2
051011902000,2015,33.3
051011902000,2016,35.6
051011902000,2017,29.6
051011902000,2018,29.8
051011902000,2019,32.6
051011902000,2020,24.3
051011904000,2010,0.0
051011904000,2011,0.0
051011904000,2012,37.2
051011904000,2013,35.0
051011904000,2014,39.4
051011904000,2015,32.5
051011904000,2016,34.8
051011904000,2017,25.5
051011904000,2018,27.0
051011904000,2019,30.1
051011904000,2020,8.9
051011905000,2010,22.2
051011905000,2011,28.0
051011905000,2012,17.9
051011905000,2013,14.4
051011905000,2014,18.1
051011905000,2015,20.2
051011905000,2016,22.9
051011905000,2017,20.7
051011905000,2018,28.1
051011905000,2019,27.6
051011905000,2020,23.9
051011913000,2010,31.9
051011913000,2011,33.0
051011913000,2012,32.6
051011913000,2013,29.7
051011913000,2014,30.8
051011913000,2015,30.3
051011913000,2016,27.8
051011913000,2017,24.2
051011913000,2018,20.9
051011913000,2019,24.4
051011913000,2020,14.0
051011915000,2010,0.0
051011915000,2011,0.0
051011915000,2012,0.0
051011915000,2013,0.0
051011915000,2014,0.0
051011915000,2015,0.0
051011915000,2016,17.4
051011915000,2017,27.1
051011915000,2018,24.5
051011915000,2019,16.2
051011915000,2020,0.0
051011963000,2010,21.2
051011963000,2011,22.0
051011963000,2012,23.1
051011963000,2013,0.0
051011963000,2014,0.0
051011963000,2015,0.0
051011963000,2016,0.0
051011963000,2017,0.0
051011963000,2018,0.0
051011963000,2019,0.0
051011963000,2020,0.0
052615204000,2010,22.7
052615204000,2011,22.4
052615204000,2012,21.9
052615204000,2013,19.2
052615204000,2014,18.7
052615204000,2015,17.4
052615204000,2016,18.0
052615204000,2017,18.3
052615204000,2018,21.7
052615204000,2019,21.8
052615204000,2020,14.9
052615205000,2010,24.1
052615205000,2011,23.4
052615205000,2012,31.7
052615205000,2013,28.3
052615205000,2014,27.4
052615205000,2015,26.6
052615205000,2016,27.0
052615205000,2017,27.3
052615205000,2018,25.7
052615205000,2019,25.9
052615205000,2020,21.4
052615207000,2010,19.0
052615207000,2011,17.4
052615207000,2012,16.5
052615207000,2013,16.7
052615207000,2014,15.7
052615207000,2015,17.5
052615207000,2016,17.3
052615207000,2017,21.8
052615207000,2018,21.9
052615207000,2019,22.6
052615207000,2020,12.5
052615210000,2010,18.1
052615210000,2011,17.9
052615210000,2012,20.2
052615210000,2013,16.4
052615210000,2014,16.1
052615210000,2015,18.5
052615210000,2016,17.2
052615210000,2017,17.9
052615210000,2018,28.4
052615210000,2019,24.9
052615210000,2020,14.7
052615211000,2010,32.0
052615211000,2011,24.1
052615211000,2012,23.9
052615211000,2013,27.3
052615211000,2014,25.5
052615211000,2015,23.8
052615211000,2016,26.7
052615211000,2017,37.2
052615211000,2018,36.2
052615211000,2019,41.2
052615211000,2020,25.9
052615261000,2010,27.4
052615261000,2011,28.9
052615261000,2012,25.4
052615261000,2013,24.5
052615261000,2014,23.8
052615261000,2015,25.4
052615261000,2016,29.4
052615261000,2017,30.9
052615261000,2018,27.6
052615261000,2019,25.6
052615261000,2020,17.1
052615301000,2010,70.1
052615301000,2011,70.3
052615301000,2012,73.5
052615301000,2013,68.2
052615301000,2014,68.9
052615301000,2015,66.3
052615301000,2016,67.3
052615301000,2017,68.1
052615301000,2018,68.6
052615301000,2019,68.8
052615301000,2020,44.4
052615302000,2010,23.0
052615302000,2011,20.5
052615302000,2012,15.2
052615302000,2013,17.0
052615302000,2014,17.3
052615302000,2015,9.2
052615302000,2016,11.7
052615302000,2017,14.8
052615302000,2018,14.8
052615302000,2019,16.7
052615302000,2020,11.1
052615303000,2010,16.1
052615303000,2011,0.0
052615303000,2012,0.0
052615303000,2013,0.0
052615303000,2014,0.0
052615303000,2015,0.0
052615303000,2016,15.5
052615303000,2017,16.8
052615303000,2018,10.6
052615303000,2019,0.0
052615303000,2020,0.0
052615306000,2010,12.7
052615306000,2011,8.2
052615306000,2012,7.9
052615306000,2013,14.0
052615306000,2014,14.2
052615306000,2015,11.4
052615306000,2016,12.8
052615306000,2017,17.2
052615306000,2018,26.0
052615306000,2019,27.2
052615306000,2020,16.4
052615308000,2010,19.5
052615308000,2011,16.6
052615308000,2012,14.0
052615308000,2013,10.1
052615308000,2014,10.5
052615308000,2015,10.8
052615308000,2016,12.2
052615308000,2017,12.7
052615308000,2018,16.9
052615308000,2019,16.9
052615308000,2020,11.2
052615309000,2010,26.3
052615309000,2011,24.2
052615309000,2012,27.3
052615309000,2013,27.5
052615309000,2014,23.3
052615309000,2015,26.1
052615309000,2016,27.2
052615309000,2017,29.5
052615309000,2018,29.6
052615309000,2019,29.2
052615309000,2020,22.1
052615312000,2010,24.2
052615312000,2011,21.2
052615312000,2012,25.8
052615312000,2013,20.1
052615312000,2014,21.6
052615312000,2015,15.3
052615312000,2016,15.1
052615312000,2017,19.1
052615312000,2018,18.2
052615312000,2019,20.9
052615312000,2020,12.7
052615313000,2010,11.0
052615313000,2011,12.4
052615313000,2012,15.7
052615313000,2013,14.4
052615313000,2014,12.6
052615313000,2015,12.5
052615313000,2016,13.3
052615313000,2017,15.1
052615313000,2018,13.9
052615313000,2019,15.8
052615313000,2020,12.6
060610901000,2010,19.5
060610901000,2011,22.8
060610901000,2012,23.1
060610901000,2013,24.3
060610901000,2014,23.2
060610901000,2015,22.8
060610901000,2016,23.2
060610901000,2017,26.5
060610901000,2018,24.4
060610901000,2019,27.1
060610901000,2020,19.9
060610913000,2010,25.2
060610913000,2011,27.3
060610913000,2012,26.3
060610913000,2013,16.7
060610913000,2014,16.2
060610913000,2015,17.8
060610913000,2016,22.4
060610913000,2017,20.4
060610913000,2018,26.7
060610913000,2019,25.5
060610913000,2020,28.9
060610915000,2010,18.2
060610915000,2011,24.9
060610915000,2012,25.1
060610915000,2013,16.4
060610915000,2014,15.2
060610915000,2015,16.2
060610915000,2016,20.3
060610915000,2017,15.4
060610915000,2018,18.7
060610915000,2019,14.5
060610915000,2020,10.4
060610919000,2010,42.0
060610919000,2011,33.1
060610919000,2012,31.2
060610919000,2013,32.5
060610919000,2014,28.9
060610919000,2015,37.4
060610919000,2016,32.6
060610919000,2017,28.3
060610919000,2018,32.0
060610919000,2019,27.5
060610919000,2020,25.0
060610961000,2010,24.5
060610961000,2011,28.3
060610961000,2012,31.4
060610961000,2013,31.8
060610961000,2014,28.1
060610961000,2015,25.3
060610961000,2016,25.8
060610961000,2017,26.5
060610961000,2018,27.7
060610961000,2019,29.2
060610961000,2020,18.4
060611002000,2010,9.8
060611002000,2011,11.7
060611002000,2012,15.4
060611002000,2013,14.7
060611002000,2014,12.7
060611002000,2015,17.0
060611002000,2016,16.7
060611002000,2017,18.9
060611002000,2018,17.7
060611002000,2019,16.9
060611002000,2020,9.1
060611003000,2010,14.8
060611003000,2011,18.9
060611003000,2012,18.1
060611003000,2013,15.6
060611003000,2014,13.0
060611003000,2015,10.0
060611003000,2016,10.6
060611003000,2017,8.7
060611003000,2018,1.4
060611003000,2019,3.8
060611003000,2020,2.6
060611004000,2010,8.7
060611004000,2011,9.2
060611004000,2012,7.4
060611004000,2013,9.8
060611004000,2014,9.1
060611004000,2015,9.6
060611004000,2016,15.1
060611004000,2017,14.0
060611004000,2018,16.7
060611004000,2019,20.4
060611004000,2020,12.5
060611006000,2010,28.9
060611006000,2011,33.1
060611006000,2012,25.0
060611006000,2013,26.5
060611006000,2014,25.3
060611006000,2015,13.7
060611006000,2016,15.2
060611006000,2017,20.2
060611006000,2018,17.0
060611006000,2019,16.7
060611006000,2020,11.1
060611018000,2010,32.6
060611018000,2011,28.5
060611018000,2012,34.4
060611018000,2013,26.8
060611018000,2014,25.2
060611018000,2015,29.5
060611018000,2016,27.6
060611018000,2017,24.5
060611018000,2018,30.6
060611018000,2019,28.8
060611018000,2020,20.1
060611020000,2010,23.1
060611020000,2011,23.5
060611020000,2012,23.0
060611020000,2013,21.6
060611020000,2014,20.8
060611020000,2015,25.6
060611020000,2016,30.7
060611020000,2017,30.0
060611020000,2018,30.2
060611020000,2019,31.6
060611020000,2020,23.8
060611062000,2010,16.5
060611062000,2011,15.2
060611062000,2012,14.7
060611062000,2013,27.5
060611062000,2014,19.7
060611062000,2015,21.9
060611062000,2016,20.1
060611062000,2017,21.6
060611062000,2018,21.8
060611062000,2019,19.8
060611062000,2020,14.5
060611064000,2010,33.6
060611064000,2011,30.1
060611064000,2012,27.3
060611064000,2013,27.0
060611064000,2014,27.5
060611064000,2015,29.8
060611064000,2016,30.9
060611064000,2017,30.2
060611064000,2018,27.3
060611064000,2019,27.1
060611064000,2020,24.3
060611108000,2010,36.7
060611108000,2011,21.8
060611108000,2012,23.3
060611108000,2013,20.0
060611108000,2014,19.7
060611108000,2015,21.2
060611108000,2016,26.1
060611108000,2017,23.2
060611108000,2018,25.4
060611108000,2019,23.4
060611108000,2020,18.7
060611109000,2010,19.3
060611109000,2011,16.7
060611109000,2012,22.0
060611109000,2013,25.7
060611109000,2014,20.8
060611109000,2015,20.3
060611109000,2016,21.6
060611109000,2017,23.8
060611109000,2018,24.2
060611109000,2019,24.7
060611109000,2020,13.2
060611110000,2010,21.1
060611110000,2011,20.5
060611110000,2012,14.8
060611110000,2013,12.5
060611110000,2014,12.4
060611110000,2015,16.4
060611110000,2016,17.8
060611110000,2017,19.2
060611110000,2018,20.8
060611110000,2019,17.6
060611110000,2020,29.6
060611117000,2010,17.6
060611117000,2011,13.6
060611117000,2012,31.1
060611117000,2013,32.2
060611117000,2014,29.6
060611117000,2015,19.5
060611117000,2016,23.1
060611117000,2017,25.6
060611117000,2018,26.1
060611117000,2019,24.6
060611117000,2020,15.8
060611163000,2010,33.1
060611163000,2011,36.3
060611163000,2012,34.8
060611163000,2013,35.3
060611163000,2014,36.0
060611163000,2015,36.5
060611163000,2016,36.8
060611163000,2017,40.9
060611163000,2018,39.3
060611163000,2019,38.4
060611163000,2020,22.0
060611205000,2010,50.7
060611205000,2011,34.5
060611205000,2012,40.5
060611205000,2013,32.3
060611205000,2014,30.9
060611205000,2015,34.8
060611205000,2016,38.6
060611205000,2017,31.7
060611205000,2018,26.9
060611205000,2019,26.5
060611205000,2020,12.6
060611207000,2010,0.0
060611207000,2011,0.0
060611207000,2012,0.0
060611207000,2013,0.0
060611207000,2014,0.0
060611207000,2015,22.0
060611207000,2016,0.0
060611207000,2017,21.1
060611207000,2018,22.0
060611207000,2019,24.5
060611207000,2020,23.3
060611211000,2010,24.7
060611211000,2011,22.9
060611211000,2012,20.2
060611211000,2013,25.6
060611211000,2014,24.7
060611211000,2015,27.5
060611211000,2016,15.9
060611211000,2017,14.3
060611211000,2018,12.3
060611211000,2019,18.6
060611211000,2020,21.0
060611212000,2010,8.2
060611212000,2011,14.4
060611212000,2012,15.9
060611212000,2013,15.9
060611212000,2014,15.0
060611212000,2015,11.5
060611212000,2016,12.2
060611212000,2017,23.4
060611212000,2018,29.6
060611212000,2019,31.0
060611212000,2020,17.1
060611214000,2010,45.9
060611214000,2011,43.2
060611214000,2012,40.0
060611214000,2013,39.0
060611214000,2014,40.9
060611214000,2015,40.8
060611214000,2016,39.9
060611214000,2017,40.4
060611214000,2018,41.4
060611214000,2019,41.8
060611214000,2020,25.9
060611216000,2010,17.6
060611216000,2011,17.2
060611216000,2012,19.2
060611216000,2013,17.4
060611216000,2014,22.1
060611216000,2015,24.4
060611216000,2016,30.9
060611216000,2017,25.8
060611216000,2018,23.0
060611216000,2019,22.9
060611216000,2020,16.4
061813301000,2010,19.8
061813301000,2011,18.3
061813301000,2012,19.5
061813301000,2013,19.9
061813301000,2014,25.9
061813301000,2015,30.3
061813301000,2016,34.1
061813301000,2017,33.3
061813301000,2018,33.5
061813301000,2019,33.6
061813301000,2020,30.3
061813302000,2010,20.5
061813302000,2011,13.7
061813302000,2012,11.1
061813302000,2013,12.9
061813302000,2014,14.7
061813302000,2015,22.1
061813302000,2016,15.1
061813302000,2017,17.9
061813302000,2018,15.2
061813302000,2019,9.0
061813302000,2020,9.2
061813305000,2010,19.0
061813305000,2011,16.8
061813305000,2012,16.8
061813305000,2013,18.7
061813305000,2014,19.3
061813305000,2015,18.9
061813305000,2016,20.7
061813305000,2017,22.5
061813305000,2018,20.0
061813305000,2019,15.3
061813305000,2020,10.6
061813307000,2010,52.7
061813307000,2011,53.9
061813307000,2012,57.1
061813307000,2013,53.3
061813307000,2014,51.5
061813307000,2015,57.0
061813307000,2016,55.9
061813307000,2017,60.9
061813307000,2018,58.8
061813307000,2019,58.3
061813307000,2020,39.3
061813317000,2010,19.9
061813317000,2011,20.8
061813317000,2012,19.8
061813317000,2013,22.0
061813317000,2014,19.3
061813317000,2015,16.3
061813317000,2016,26.0
061813317000,2017,26.0
061813317000,2018,22.0
061813317000,2019,22.8
061813317000,2020,18.8
061813321000,2010,38.8
061813321000,2011,37.6
061813321000,2012,37.5
061813321000,2013,35.3
061813321000,2014,32.3
061813321000,2015,35.0
061813321000,2016,37.5
061813321000,2017,37.8
061813321000,2018,38.8
061813321000,2019,36.3
061813321000,2020,31.9
061813361000,2010,26.3
061813361000,2011,25.2
061813361000,2012,31.6
061813361000,2013,35.2
061813361000,2014,33.9
061813361000,2015,32.6
061813361000,2016,33.2
061813361000,2017,34.7
061813361000,2018,33.0
061813361000,2019,35.5
061813361000,2020,20.2
061813404000,2010,24.2
061813404000,2011,27.8
061813404000,2012,24.5
061813404000,2013,19.6
061813404000,2014,19.5
061813404000,2015,24.1
061813404000,2016,29.6
061813404000,2017,31.3
061813404000,2018,35.1
061813404000,2019,36.1
061813404000,2020,25.6
061813409000,2010,25.0
061813409000,2011,24.1
061813409000,2012,35.6
061813409000,2013,32.1
061813409000,2014,55.2
061813409000,2015,60.6
061813409000,2016,64.4
061813409000,2017,67.5
061813409000,2018,70.3
061813409000,2019,67.9
061813409000,2020,48.1
061813413000,2010,19.2
061813413000,2011,16.1
061813413000,2012,16.8
061813413000,2013,20.3
061813413000,2014,14.8
061813413000,2015,16.1
061813413000,2016,19.1
061813413000,2017,21.7
061813413000,2018,24.0
061813413000,2019,23.8
061813413000,2020,14.9
061813414000,2010,14.0
061813414000,2011,13.5
061813414000,2012,15.2
061813414000,2013,13.9
061813414000,2014,13.2
061813414000,2015,18.6
061813414000,2016,17.7
061813414000,2017,17.9
061813414000,2018,15.8
061813414000,2019,20.9
061813414000,2020,13.3
061813462000,2010,22.0
061813462000,2011,22.5
061813462000,2012,20.4
061813462000,2013,19.2
061813462000,2014,24.2
061813462000,2015,20.9
061813462000,2016,25.2
061813462000,2017,27.7
061813462000,2018,27.0
061813462000,2019,29.7
061813462000,2020,21.7
061813506000,2010,10.1
061813506000,2011,6.3
061813506000,2012,8.1
061813506000,2013,7.3
061813506000,2014,0.0
061813506000,2015,6.2
061813506000,2016,9.0
061813506000,2017,30.2
061813506000,2018,31.4
061813506000,2019,35.6
061813506000,2020,27.5
061813510000,2010,23.5
061813510000,2011,34.9
061813510000,2012,28.0
061813510000,2013,32.4
061813510000,2014,23.2
061813510000,2015,17.7
061813510000,2016,17.1
061813510000,2017,19.6
061813510000,2018,18.1
061813510000,2019,17.4
061813510000,2020,11.4
061813515000,2010,34.4
061813515000,2011,35.0
061813515000,2012,27.6
061813515000,2013,25.6
061813515000,2014,23.8
061813515000,2015,21.5
061813515000,2016,21.6
061813515000,2017,24.7
061813515000,2018,21.9
061813515000,2019,22.7
061813515000,2020,17.8
061813516000,2010,26.8
061813516000,2011,32.0
061813516000,2012,24.3
061813516000,2013,22.1
061813516000,2014,18.8
061813516000,2015,21.0
061813516000,2016,24.8
061813516000,2017,25.9
061813516000,2018,27.7
061813516000,2019,28.1
061813516000,2020,17.8
061813519000,2010,10.3
061813519000,2011,14.4
061813519000,2012,23.9
061813519000,2013,21.0
061813519000,2014,10.4
061813519000,2015,12.3
061813519000,2016,11.1
061813519000,2017,12.4
061813519000,2018,14.2
061813519000,2019,9.6
061813519000,2020,6.6
061813563000,2010,35.7
061813563000,2011,38.0
061813563000,2012,35.6
061813563000,2013,29.7
061813563000,2014,30.6
061813563000,2015,31.6
061813563000,2016,34.3
061813563000,2017,34.0
061813563000,2018,32.8
061813563000,2019,35.7
061813563000,2020,20.9
061813603000,2010,22.5
061813603000,2011,27.3
061813603000,2012,21.4
061813603000,2013,18.6
061813603000,2014,20.3
061813603000,2015,19.0
061813603000,2016,18.2
061813603000,2017,23.8
061813603000,2018,28.8
061813603000,2019,33.8
061813603000,2020,21.6
061813608000,2010,28.2
061813608000,2011,26.5
061813608000,2012,33.3
061813608000,2013,21.5
061813608000,2014,22.0
061813608000,2015,21.9
061813608000,2016,22.0
061813608000,2017,23.3
061813608000,2018,23.6
061813608000,2019,22.2
061813608000,2020,17.5
061813611000,2010,26.6
061813611000,2011,26.7
061813611000,2012,25.7
061813611000,2013,24.9
061813611000,2014,25.8
061813611000,2015,25.8
061813611000,2016,33.1
061813611000,2017,37.0
061813611000,2018,31.9
061813611000,2019,28.9
061813611000,2020,19.1
061813612000,2010,28.9
061813612000,2011,0.0
061813612000,2012,37.3
061813612000,2013,29.9
061813612000,2014,35.6
061813612000,2015,28.2
061813612000,2016,33.1
061813612000,2017,31.6
061813612000,2018,32.4
061813612000,2019,29.3
061813612000,2020,23.9
061813618000,2010,33.2
061813618000,2011,34.2
061813618000,2012,36.1
061813618000,2013,33.7
061813618000,2014,39.1
061813618000,2015,38.4
061813618000,2016,27.1
061813618000,2017,32.5
061813618000,2018,31.0
061813618000,2019,36.8
061813618000,2020,24.8
061813620000,2010,28.1
061813620000,2011,31.7
061813620000,2012,33.6
061813620000,2013,27.2
061813620000,2014,23.4
061813620000,2015,21.8
061813620000,2016,21.0
061813620000,2017,25.7
061813620000,2018,29.6
061813620000,2019,29.3
061813620000,2020,21.0
061813664000,2010,35.8
061813664000,2011,30.4
061813664000,2012,28.0
061813664000,2013,22.5
061813664000,2014,20.0
061813664000,2015,17.8
061813664000,2016,21.7
061813664000,2017,22.2
061813664000,2018,17.8
061813664000,2019,13.5
061813664000,2020,13.6
062013702000,2010,19.4
062013702000,2011,18.9
062013702000,2012,23.0
062013702000,2013,24.2
062013702000,2014,20.5
062013702000,2015,23.0
062013702000,2016,21.4
062013702000,2017,22.3
062013702000,2018,21.4
062013702000,2019,23.0
062013702000,2020,17.1
062013711000,2010,28.7
062013711000,2011,25.4
062013711000,2012,21.5
062013711000,2013,21.2
062013711000,2014,23.3
062013711000,2015,21.7
062013711000,2016,22.1
062013711000,2017,23.0
062013711000,2018,25.7
062013711000,2019,28.6
062013711000,2020,21.6
062013761000,2010,38.0
062013761000,2011,37.0
062013761000,2012,39.9
062013761000,2013,41.1
062013761000,2014,39.7
062013761000,2015,40.1
062013761000,2016,37.9
062013761000,2017,38.8
062013761000,2018,37.4
062013761000,2019,38.8
062013761000,2020,21.9
062013803000,2010,36.9
062013803000,2011,45.5
062013803000,2012,29.4
062013803000,2013,21.9
062013803000,2014,23.5
062013803000,2015,27.3
062013803000,2016,30.0
062013803000,2017,32.1
062013803000,2018,31.5
062013803000,2019,45.8
062013803000,2020,26.6
062013805000,2010,22.2
062013805000,2011,22.8
062013805000,2012,21.9
062013805000,2013,24.1
062013805000,2014,26.1
062013805000,2015,28.3
062013805000,2016,29.1
062013805000,2017,27.2
062013805000,2018,25.6
062013805000,2019,27.3
062013805000,2020,25.1
062013806000,2010,0.0
062013806000,2011,0.0
062013806000,2012,14.6
062013806000,2013,15.2
062013806000,2014,18.9
062013806000,2015,21.2
062013806000,2016,0.0
062013806000,2017,9.9
062013806000,2018,16.9
062013806000,2019,0.0
062013806000,2020,0.0
062013807000,2010,22.2
062013807000,2011,29.8
062013807000,2012,23.6
062013807000,2013,26.3
062013807000,2014,23.0
062013807000,2015,19.6
062013807000,2016,19.9
062013807000,2017,21.5
062013807000,2018,18.9
062013807000,2019,17.8
062013807000,2020,15.7
062013810000,2010,28.5
062013810000,2011,23.2
062013810000,2012,19.3
062013810000,2013,18.6
062013810000,2014,19.7
062013810000,2015,23.5
062013810000,2016,19.5
062013810000,2017,35.5
062013810000,2018,28.4
062013810000,2019,31.1
062013810000,2020,26.3
062013813000,2010,10.2
062013813000,2011,0.0
062013813000,2012,12.5
062013813000,2013,12.1
062013813000,2014,9.2
062013813000,2015,8.3
062013813000,2016,17.9
062013813000,2017,15.3
062013813000,2018,12.7
062013813000,2019,11.9
062013813000,2020,7.3
062013814000,2010,0.0
062013814000,2011,21.1
062013814000,2012,5.3
062013814000,2013,4.9
062013814000,2014,3.3
062013814000,2015,12.8
062013814000,2016,0.0
062013814000,2017,22.9
062013814000,2018,28.9
062013814000,2019,10.4
062013814000,2020,9.2
062013862000,2010,26.2
062013862000,2011,25.6
062013862000,2012,27.8
062013862000,2013,29.9
062013862000,2014,29.0
062013862000,2015,21.5
062013862000,2016,21.7
062013862000,2017,24.4
062013862000,2018,28.5
062013862000,2019,28.0
062013862000,2020,24.9
062013901000,2010,38.6
062013901000,2011,37.3
062013901000,2012,37.7
062013901000,2013,34.7
062013901000,2014,36.2
062013901000,2015,39.4
062013901000,2016,42.2
062013901000,2017,39.8
062013901000,2018,39.1
062013901000,2019,38.4
062013901000,2020,26.8
062013904000,2010,25.4
062013904000,2011,23.3
062013904000,2012,31.0
062013904000,2013,23.4
062013904000,2014,29.5
062013904000,2015,29.7
062013904000,2016,29.8
062013904000,2017,33.5
062013904000,2018,29.4
062013904000,2019,33.0
062013904000,2020,33.6
062013908000,2010,14.5
062013908000,2011,11.7
062013908000,2012,17.5
062013908000,2013,20.5
062013908000,2014,19.6
062013908000,2015,20.8
062013908000,2016,22.9
062013908000,2017,16.6
062013908000,2018,18.0
062013908000,2019,22.4
062013908000,2020,18.6
062013909000,2010,26.1
062013909000,2011,23.9
062013909000,2012,20.1
062013909000,2013,22.2
062013909000,2014,25.2
062013909000,2015,21.0
062013909000,2016,19.7
062013909000,2017,21.6
062013909000,2018,17.7
062013909000,2019,16.6
062013909000,2020,15.7
062013912000,2010,18.1
062013912000,2011,20.9
062013912000,2012,21.4
062013912000,2013,19.7
062013912000,2014,19.3
062013912000,2015,22.4
062013912000,2016,21.9
062013912000,2017,24.2
062013912000,2018,22.3
062013912000,2019,24.9
062013912000,2020,21.0
062013963000,2010,29.6
062013963000,2011,32.9
062013963000,2012,32.0
062013963000,2013,31.6
062013963000,2014,31.8
062013963000,2015,36.5
062013963000,2016,31.4
062013963000,2017,32.7
062013963000,2018,33.3
062013963000,2019,35.9
062013963000,2020,23.7
071412865000,2010,47.1
071412865000,2011,47.9
071412865000,2012,47.6
071412865000,2013,51.1
071412865000,2014,52.0
071412865000,2015,54.6
071412865000,2016,54.1
071412865000,2017,56.5
071412865000,2018,54.5
071412865000,2019,52.9
071412865000,2020,22.4
071412908000,2010,27.3
071412908000,2011,26.2
071412908000,2012,24.8
071412908000,2013,27.6
071412908000,2014,28.6
071412908000,2015,30.1
071412908000,2016,31.6
071412908000,2017,32.5
071412908000,2018,32.3
071412908000,2019,32.7
071412908000,2020,16.8
071412912000,2010,24.0
071412912000,2011,20.3
071412912000,2012,21.6
071412912000,2013,21.7
071412912000,2014,23.7
071412912000,2015,30.2
071412912000,2016,34.1
071412912000,2017,35.7
071412912000,2018,37.0
071412912000,2019,34.5
071412912000,2020,23.6
071412917000,2010,42.0
071412917000,2011,39.9
071412917000,2012,35.5
071412917000,2013,31.8
071412917000,2014,31.9
071412917000,2015,34.7
071412917000,2016,35.9
071412917000,2017,34.0
071412917000,2018,33.9
071412917000,2019,35.2
071412917000,2020,21.6
071412934000,2010,25.7
071412934000,2011,27.5
071412934000,2012,27.1
071412934000,2013,25.5
071412934000,2014,29.5
071412934000,2015,33.9
071412934000,2016,32.8
071412934000,2017,33.0
071412934000,2018,30.6
071412934000,2019,29.8
071412934000,2020,21.2
071413005000,2010,24.6
071413005000,2011,26.1
071413005000,2012,22.4
071413005000,2013,21.3
071413005000,2014,22.0
071413005000,2015,23.2
071413005000,2016,36.8
071413005000,2017,38.8
071413005000,2018,38.8
071413005000,2019,38.7
071413005000,2020,18.7
071413014000,2010,22.4
071413014000,2011,22.5
071413014000,2012,19.5
071413014000,2013,16.1
071413014000,2014,15.5
071413014000,2015,19.2
071413014000,2016,18.4
071413014000,2017,19.8
071413014000,2018,20.5
071413014000,2019,27.7
071413014000,2020,14.3
071413018000,2010,27.7
071413018000,2011,28.8
071413018000,2012,28.1
071413018000,2013,27.0
071413018000,2014,28.4
071413018000,2015,29.5
071413018000,2016,34.2
071413018000,2017,35.6
071413018000,2018,40.8
071413018000,2019,41.0
071413018000,2020,24.9
071413021000,2010,32.6
071413021000,2011,34.3
071413021000,2012,31.9
071413021000,2013,32.3
071413021000,2014,34.4
071413021000,2015,38.3
071413021000,2016,42.5
071413021000,2017,41.3
071413021000,2018,36.5
071413021000,2019,32.6
071413021000,2020,18.1
071413032000,2010,31.3
071413032000,2011,27.0
071413032000,2012,25.3
071413032000,2013,26.1
071413032000,2014,25.9
071413032000,2015,29.3
071413032000,2016,35.3
071413032000,2017,35.5
071413032000,2018,36.0
071413032000,2019,37.9
071413032000,2020,21.4
071422502000,2010,18.5
071422502000,2011,18.3
071422502000,2012,20.5
071422502000,2013,16.5
071422502000,2014,21.8
071422502000,2015,19.2
071422502000,2016,33.2
071422502000,2017,31.7
071422502000,2018,32.3
071422502000,2019,30.2
071422502000,2020,22.3
071422513000,2010,26.2
071422513000,2011,27.3
071422513000,2012,22.4
071422513000,2013,22.9
071422513000,2014,23.5
071422513000,2015,27.6
071422513000,2016,29.9
071422513000,2017,46.2
071422513000,2018,42.5
071422513000,2019,42.0
071422513000,2020,22.5
071422520000,2010,25.5
071422520000,2011,18.4
071422520000,2012,20.4
071422520000,2013,23.0
071422520000,2014,27.1
071422520000,2015,26.2
071422520000,2016,26.7
071422520000,2017,28.2
071422520000,2018,30.9
071422520000,2019,33.5
071422520000,2020,25.4
071422524000,2010,26.3
071422524000,2011,23.0
071422524000,2012,28.7
071422524000,2013,28.7
071422524000,2014,23.3
071422524000,2015,28.8
071422524000,2016,30.6
071422524000,2017,0.0
071422524000,2018,0.0
071422524000,2019,0.0
071422524000,2020,0.0
071422537000,2010,0.0
071422537000,2011,0.0
071422537000,2012,0.0
071422537000,2013,15.7
071422537000,2014,10.5
071422537000,2015,0.0
071422537000,2016,0.0
071422537000,2017,0.0
071422537000,2018,0.0
071422537000,2019,0.0
071422537000,2020,0.0
071422611000,2010,10.6
071422611000,2011,11.4
071422611000,2012,12.4
071422611000,2013,10.5
071422611000,2014,9.6
071422611000,2015,9.8
071422611000,2016,10.2
071422611000,2017,12.5
071422611000,2018,26.5
071422611000,2019,25.7
071422611000,2020,16.8
071422615000,2010,0.0
071422615000,2011,0.0
071422615000,2012,21.9
071422615000,2013,22.4
071422615000,2014,23.2
071422615000,2015,18.7
071422615000,2016,20.5
071422615000,2017,20.4
071422615000,2018,17.3
071422615000,2019,19.2
071422615000,2020,10.5
071422616000,2010,28.1
071422616000,2011,25.1
071422616000,2012,22.9
071422616000,2013,25.2
071422616000,2014,23.4
071422616000,2015,29.3
071422616000,2016,25.0
071422616000,2017,24.7
071422616000,2018,23.6
071422616000,2019,16.3
071422616000,2020,9.3
071422622000,2010,0.0
071422622000,2011,0.0
071422622000,2012,32.7
071422622000,2013,34.1
071422622000,2014,34.1
071422622000,2015,33.0
071422622000,2016,29.1
071422622000,2017,29.8
071422622000,2018,28.8
071422622000,2019,30.6
071422622000,2020,17.3
071422635000,2010,32.1
071422635000,2011,26.0
071422635000,2012,26.1
071422635000,2013,25.5
071422635000,2014,25.9
071422635000,2015,27.8
071422635000,2016,23.1
071422635000,2017,28.0
071422635000,2018,24.0
071422635000,2019,20.7
071422635000,2020,18.5
071422661000,2010,35.0
071422661000,2011,30.4
071422661000,2012,38.3
071422661000,2013,21.4
071422661000,2014,27.7
071422661000,2015,28.7
071422661000,2016,25.7
071422661000,2017,49.8
071422661000,2018,23.7
071422661000,2019,0.0
071422661000,2020,7.8
071422701000,2010,13.0
071422701000,2011,16.7
071422701000,2012,15.4
071422701000,2013,15.0
071422701000,2014,15.2
071422701000,2015,13.4
071422701000,2016,22.2
071422701000,2017,22.9
071422701000,2018,31.5
071422701000,2019,25.0
071422701000,2020,18.4
071422707000,2010,28.7
071422707000,2011,22.3
071422707000,2012,28.0
071422707000,2013,23.0
071422707000,2014,30.2
071422707000,2015,37.9
071422707000,2016,36.6
071422707000,2017,34.1
071422707000,2018,31.7
071422707000,2019,30.3
071422707000,2020,19.4
071422709000,2010,0.0
071422709000,2011,0.0
071422709000,2012,0.0
071422709000,2013,0.0
071422709000,2014,0.0
071422709000,2015,19.1
071422709000,2016,0.0
071422709000,2017,0.0
071422709000,2018,0.0
071422709000,2019,0.0
071422709000,2020,0.0
071422723000,2010,24.0
071422723000,2011,0.0
071422723000,2012,0.0
071422723000,2013,12.9
071422723000,2014,21.3
071422723000,2015,23.5
071422723000,2016,25.9
071422723000,2017,25.4
071422723000,2018,37.3
071422723000,2019,43.9
071422723000,2020,29.7
071422725000,2010,13.4
071422725000,2011,12.3
071422725000,2012,13.0
071422725000,2013,12.9
071422725000,2014,11.4
071422725000,2015,11.8
071422725000,2016,14.4
071422725000,2017,16.0
071422725000,2018,22.9
071422725000,2019,19.8
071422725000,2020,17.6
071422730000,2010,27.8
071422730000,2011,33.2
071422730000,2012,34.3
071422730000,2013,34.9
071422730000,2014,31.5
071422730000,2015,34.5
071422730000,2016,37.7
071422730000,2017,44.3
071422730000,2018,41.7
071422730000,2019,39.5
071422730000,2020,30.0
071422736000,2010,0.0
071422736000,2011,0.0
071422736000,2012,0.0
071422736000,2013,0.0
071422736000,2014,25.8
071422736000,2015,0.0
071422736000,2016,19.5
071422736000,2017,0.0
071422736000,2018,0.0
071422736000,2019,0.0
071422736000,2020,0.0
071422763000,2010,31.2
071422763000,2011,31.4
071422763000,2012,25.8
071422763000,2013,27.9
071422763000,2014,24.6
071422763000,2015,29.0
071422763000,2016,36.8
071422763000,2017,37.7
071422763000,2018,39.7
071422763000,2019,36.8
071422763000,2020,26.5
071427004000,2010,22.9
071427004000,2011,24.9
071427004000,2012,0.0
071427004000,2013,0.0
071427004000,2014,0.0
071427004000,2015,0.0
071427004000,2016,0.0
071427004000,2017,0.0
071427004000,2018,20.8
071427004000,2019,25.8
071427004000,2020,17.3
071427019000,2010,21.9
071427019000,2011,22.4
071427019000,2012,20.3
071427019000,2013,18.9
071427019000,2014,19.1
071427019000,2015,17.9
071427019000,2016,18.9
071427019000,2017,20.8
071427019000,2018,21.9
071427019000,2019,21.9
071427019000,2020,13.3
071427027000,2010,10.3
071427027000,2011,11.2
071427027000,2012,13.9
071427027000,2013,9.5
071427027000,2014,14.7
071427027000,2015,14.1
071427027000,2016,8.5
071427027000,2017,25.3
071427027000,2018,39.3
071427027000,2019,34.3
071427027000,2020,18.1
071427062000,2010,26.7
071427062000,2011,23.2
071427062000,2012,21.7
071427062000,2013,23.9
071427062000,2014,26.9
071427062000,2015,26.4
071427062000,2016,29.5
071427062000,2017,29.6
071427062000,2018,30.7
071427062000,2019,28.5
071427062000,2020,22.1
071427103000,2010,26.7
071427103000,2011,27.6
071427103000,2012,29.9
071427103000,2013,27.8
071427103000,2014,29.7
071427103000,2015,27.1
071427103000,2016,28.7
071427103000,2017,31.7
071427103000,2018,32.3
071427103000,2019,31.9
071427103000,2020,18.8
071427110000,2010,24.2
071427110000,2011,20.3
071427110000,2012,19.7
071427110000,2013,14.3
071427110000,2014,13.0
071427110000,2015,16.2
071427110000,2016,17.9
071427110000,2017,16.2
071427110000,2018,17.7
071427110000,2019,15.9
071427110000,2020,6.8
071427126000,2010,24.3
071427126000,2011,24.3
071427126000,2012,21.6
071427126000,2013,18.0
071427126000,2014,15.6
071427126000,2015,17.1
071427126000,2016,17.1
071427126000,2017,17.8
071427126000,2018,19.3
071427126000,2019,19.2
071427126000,2020,10.7
071427129000,2010,0.0
071427129000,2011,15.1
071427129000,2012,16.1
071427129000,2013,10.1
071427129000,2014,9.5
071427129000,2015,12.3
071427129000,2016,8.3
071427129000,2017,18.3
071427129000,2018,11.5
071427129000,2019,14.8
071427129000,2020,9.4
071427133000,2010,20.5
071427133000,2011,19.7
071427133000,2012,20.8
071427133000,2013,17.8
071427133000,2014,13.5
071427133000,2015,36.4
071427133000,2016,40.6
071427133000,2017,38.5
071427133000,2018,37.8
071427133000,2019,43.5
071427133000,2020,20.4
071427164000,2010,20.3
071427164000,2011,20.8
071427164000,2012,16.9
071427164000,2013,16.2
071427164000,2014,17.1
071427164000,2015,18.1
071427164000,2016,26.8
071427164000,2017,28.5
071427164000,2018,26.4
071427164000,2019,34.1
071427164000,2020,22.7
071427306000,2010,33.3
071427306000,2011,37.8
071427306000,2012,36.3
071427306000,2013,33.7
071427306000,2014,31.7
071427306000,2015,37.2
071427306000,2016,31.1
071427306000,2017,32.7
071427306000,2018,25.6
071427306000,2019,27.6
071427306000,2020,19.1
071427328000,2010,0.0
071427328000,2011,23.3
071427328000,2012,23.3
071427328000,2013,19.0
071427328000,2014,21.9
071427328000,2015,19.9
071427328000,2016,32.7
071427328000,2017,35.4
071427328000,2018,33.9
071427328000,2019,35.5
071427328000,2020,17.1
071427338000,2010,33.1
071427338000,2011,34.1
071427338000,2012,32.6
071427338000,2013,27.0
071427338000,2014,25.2
071427338000,2015,25.9
071427338000,2016,28.6
071427338000,2017,31.7
071427338000,2018,33.2
071427338000,2019,35.8
071427338000,2020,24.8
